method,RE1::OB,RE1::SS,RE1::TT,RE2::OB,RE2::SS,RE2::TT,openrca::bank,openrca::mkt1,openrca::mkt2,openrca::tel,petshop::high_traffic,petshop::low_traffic,petshop::temporal_traffic1,petshop::temporal_traffic2
alertcount,0.392,0.376,0.048,0.2111111111111111,0.3888888888888889,0.2111111111111111,0.17213235294117646,0.144,0.19653846153846155,0.2415686274509804,0.038461538461538464,0.0,0.0,0.25
baro,0.736,0.848,0.56,0.14444444444444443,0.06666666666666667,0.6666666666666666,0.16044117647058823,0.05714285714285714,0.10576923076923077,0.18274509803921568,0.15384615384615385,0.15384615384615385,0.25,0.25
baseline,,,,,,,,,,,0.38461538461538464,0.5769230769230769,0.625,0.875
causalrca,0.616,0.176,0.136,0.20740740740740743,0.14814814814814817,0.20740740740740743,,,,,,,,
cd1min,0.728,0.928,0.28,0.7333333333333333,0.9444444444444444,0.7888888888888889,0.1648529411764706,0.16085714285714287,0.19230769230769232,0.1631372549019608,0.0,0.038461538461538464,0.125,0.125
circa,0.672,0.704,0.328,0.6666666666666666,0.7777777777777778,0.5444444444444444,,,,,0.2692307692307692,0.38461538461538464,0.5,0.625
counterfactual_attribution,,,,,,,,,,,0.3076923076923077,0.15384615384615385,0.125,0.25
e_diagnosis,0.032,0.144,0.0,0.03333333333333333,0.15555555555555556,0.0,0.03551470588235294,0.038142857142857145,0.04371794871794872,0.04568627450980392,,,,
epsilon_diagnosis,,,,,,,,,,,0.0,0.0,0.0,0.125
max_z,0.504,0.744,0.424,0.7777777777777778,0.8444444444444444,0.4111111111111111,0.12691176470588236,0.16071428571428573,0.19974358974358974,0.23176470588235296,0.07692307692307693,0.19230769230769232,0.375,0.375
microrank,,,,0.0,,0.12222222222222222,,,,,,,,
mmbaro,,,,0.16666666666666666,0.06666666666666667,0.6888888888888889,,,,,,,,
random_walk,,,,,,,,,,,0.0,0.0,0.125,0.0
ranked_correlation,,,,,,,,,,,0.7307692307692307,0.5769230769230769,0.75,0.5
rcd,0.5413333333333333,0.3893333333333333,0.088,,,,0.08904411764705882,0.05085714285714286,0.06623931623931623,0.19261437908496734,0.0,0.34615384615384615,0.625,0.375
simplerca_author,,,,0.4666666666666667,0.24444444444444444,0.8,,,,,,,,
tracerca,,,,0.1,,0.5333333333333333,,,,,,,,
