family,a,b,sub,n,pooled_se,delta,lo95,hi95,lo_adj,hi_adj,point_reversal,rev_ci95,rev_ci_adj,p_boot_zero
RE1,baro,causalrca,RE1::OB,125,0.4053333333333333,0.12000000000000001,0.042666666666666686,0.19733333333333333,-0.013333333333333322,0.256,False,False,False,0.0
RE1,baro,causalrca,RE1::SS,125,0.4053333333333333,0.672,0.592,0.7493333333333333,0.528,0.8000000000000002,False,False,False,0.0
RE1,baro,causalrca,RE1::TT,125,0.4053333333333333,0.424,0.3333333333333333,0.5146666666666667,0.264,0.5813333333333334,False,False,False,0.0
RE1,baro,circa,RE1::OB,125,0.1466666666666666,0.064,-0.032,0.16,-0.104,0.24,False,False,False,0.0283875
RE1,baro,circa,RE1::SS,125,0.1466666666666666,0.144,0.056,0.232,0.0,0.296,False,False,False,0.00028
RE1,baro,circa,RE1::TT,125,0.1466666666666666,0.232,0.136,0.328,0.064,0.4,False,False,False,0.0
RE1,baro,e_diagnosis,RE1::OB,125,0.6559999999999999,0.704,0.624,0.784,0.56,0.84,False,False,False,0.0
RE1,baro,e_diagnosis,RE1::SS,125,0.6559999999999999,0.704,0.616,0.784,0.552,0.84,False,False,False,0.0
RE1,baro,e_diagnosis,RE1::TT,125,0.6559999999999999,0.56,0.472,0.648,0.408,0.712,False,False,False,0.0
RE1,baro,rcd,RE1::OB,125,0.375111111111111,0.19466666666666665,0.09866666666666668,0.2906666666666667,0.026666666666666672,0.36,False,False,False,0.0
RE1,baro,rcd,RE1::SS,125,0.375111111111111,0.45866666666666667,0.35466666666666674,0.5599999999999998,0.2773333333333334,0.6293333333333334,False,False,False,0.0
RE1,baro,rcd,RE1::TT,125,0.375111111111111,0.472,0.3813333333333333,0.5626666666666668,0.312,0.6293333333333334,False,False,False,0.0
RE1,causalrca,circa,RE1::OB,125,-0.2586666666666666,-0.05600000000000001,-0.14666666666666667,0.03466666666666665,-0.21333333333333335,0.10146422764224311,False,False,False,2.25e-05
RE1,causalrca,circa,RE1::SS,125,-0.2586666666666666,-0.5279999999999999,-0.6133333333333334,-0.44000000000000006,-0.6773333333333332,-0.3733333333333333,False,False,False,0.0
RE1,causalrca,circa,RE1::TT,125,-0.2586666666666666,-0.19200000000000003,-0.2826666666666666,-0.10400000000000001,-0.34933333333333333,-0.04000000000000001,False,False,False,0.0
RE1,causalrca,e_diagnosis,RE1::OB,125,0.2506666666666666,0.5840000000000001,0.5093333333333333,0.6560000000000001,0.4533333333333333,0.7093333333333334,False,False,False,0.0
RE1,causalrca,e_diagnosis,RE1::SS,125,0.2506666666666666,0.031999999999999994,-0.05333333333333334,0.11466666666666665,-0.11733333333333333,0.17866666666666667,False,False,False,0.0003875
RE1,causalrca,e_diagnosis,RE1::TT,125,0.2506666666666666,0.13599999999999998,0.096,0.17866666666666667,0.06933333333333334,0.21333333333333332,False,False,False,0.0
RE1,causalrca,rcd,RE1::OB,125,-0.0302222222222222,0.07466666666666667,-0.018666666666666665,0.16799999999999998,-0.08533333333333334,0.2373333333333333,True,False,False,0.0002175
RE1,causalrca,rcd,RE1::SS,125,-0.0302222222222222,-0.21333333333333335,-0.29600000000000004,-0.13066666666666665,-0.36,-0.06933333333333333,False,False,False,0.0
RE1,causalrca,rcd,RE1::TT,125,-0.0302222222222222,0.047999999999999994,-0.01866666666666667,0.112,-0.06933333333333334,0.16,True,False,False,0.0003675
RE1,circa,e_diagnosis,RE1::OB,125,0.5093333333333334,0.64,0.552,0.72,0.488,0.784,False,False,False,0.0
RE1,circa,e_diagnosis,RE1::SS,125,0.5093333333333334,0.56,0.464,0.648,0.392,0.72,False,False,False,0.0
RE1,circa,e_diagnosis,RE1::TT,125,0.5093333333333334,0.328,0.248,0.408,0.192,0.48,False,False,False,0.0
RE1,circa,rcd,RE1::OB,125,0.2284444444444444,0.13066666666666665,0.024000000000000007,0.23733333333333337,-0.05866666666666666,0.31733333333333336,False,False,False,5e-06
RE1,circa,rcd,RE1::SS,125,0.2284444444444444,0.3146666666666667,0.19466666666666665,0.43466666666666665,0.10133333333333334,0.5173333333333334,False,False,False,0.0
RE1,circa,rcd,RE1::TT,125,0.2284444444444444,0.24,0.14933333333333335,0.33066666666666666,0.08266666666666667,0.4,False,False,False,0.0
RE1,e_diagnosis,rcd,RE1::OB,125,-0.2808888888888888,-0.5093333333333333,-0.592,-0.42400000000000004,-0.6533333333333333,-0.36000000000000004,False,False,False,0.0
RE1,e_diagnosis,rcd,RE1::SS,125,-0.2808888888888888,-0.24533333333333332,-0.34933333333333333,-0.13866666666666666,-0.424,-0.05866666666666665,False,False,False,0.0
RE1,e_diagnosis,rcd,RE1::TT,125,-0.2808888888888888,-0.088,-0.13333333333333333,-0.047999999999999994,-0.1733333333333333,-0.023999999999999997,False,False,False,0.0
openrca,baro,e_diagnosis,openrca::bank,136,0.0857591440422322,0.1249264705882353,0.06727941176470588,0.18441176470588233,0.02448529411764706,0.23213235294117648,False,False,False,0.0
openrca,baro,e_diagnosis,openrca::mkt1,70,0.0857591440422322,0.019,-0.020142857142857146,0.05942857142857143,-0.04985714285714286,0.0914355836236916,False,False,False,0.0040425
openrca,baro,e_diagnosis,openrca::mkt2,78,0.0857591440422322,0.06205128205128205,0.004358974358974358,0.12294871794871795,-0.036153846153846154,0.17205128205128206,False,False,False,0.0002725
openrca,baro,e_diagnosis,openrca::tel,51,0.0857591440422322,0.13705882352941176,0.05529411764705883,0.23176470588235296,0.0031372549019607872,0.31019607843137254,False,False,False,2.5e-05
openrca,baro,rcd,openrca::bank,136,0.0268358516483516,0.07139705882352942,0.0174264705882353,0.12664215686274513,-0.02311274509803921,0.16965686274509806,False,False,False,5e-06
openrca,baro,rcd,openrca::mkt1,70,0.0268358516483516,0.006285714285714286,-0.03504761904761905,0.048761904761904756,-0.06628571428571428,0.08200467479674678,False,False,False,0.0001425
openrca,baro,rcd,openrca::mkt2,78,0.0268358516483516,0.039529914529914535,-0.01388888888888888,0.09294871794871797,-0.05662393162393162,0.1356837606837607,False,False,False,0.000235
openrca,baro,rcd,openrca::tel,51,0.0268358516483516,-0.009869281045751629,-0.056732026143790845,0.033725490196078435,-0.09699346405228758,0.06640522875816994,True,False,False,0.0004275
openrca,e_diagnosis,rcd,openrca::bank,136,-0.0589232923938806,-0.05352941176470589,-0.09073529411764705,-0.01821078431372549,-0.12154652379244381,0.008530614837398072,False,False,False,0.0
openrca,e_diagnosis,rcd,openrca::mkt1,70,-0.0589232923938806,-0.01271428571428571,-0.05342857142857143,0.02695238095238096,-0.08696406794425088,0.056285714285714286,False,False,False,0.00027
openrca,e_diagnosis,rcd,openrca::mkt2,78,-0.0589232923938806,-0.02252136752136752,-0.07482905982905982,0.024572649572649576,-0.11974358974358974,0.05854700854700855,False,False,False,5.5e-05
openrca,e_diagnosis,rcd,openrca::tel,51,-0.0589232923938806,-0.1469281045751634,-0.24071895424836595,-0.061960784313725495,-0.3179738562091503,-0.004444444444444447,False,False,False,0.0
petshop,baro,circa,petshop::high_traffic,26,-0.2427884615384615,-0.11538461538461539,-0.2692307692307692,0.038461538461538464,-0.4230769230769231,0.15384615384615385,False,False,False,0.0711475
petshop,baro,circa,petshop::low_traffic,26,-0.2427884615384615,-0.23076923076923078,-0.4230769230769231,-0.038461538461538464,-0.5769230769230769,0.0788109756092756,False,False,False,0.0092625
petshop,baro,circa,petshop::temporal_traffic1,8,-0.2427884615384615,-0.25,-0.75,0.25,-1.0,0.5,False,False,False,0.1170925
petshop,baro,circa,petshop::temporal_traffic2,8,-0.2427884615384615,-0.375,-0.875,0.125,-1.0,0.5,False,False,False,0.0623
petshop,baro,counterfactual_attribution,petshop::high_traffic,26,-0.0072115384615384,-0.15384615384615385,-0.34615384615384615,0.038461538461538464,-0.5,0.19230769230769232,False,False,False,0.0499675
petshop,baro,counterfactual_attribution,petshop::low_traffic,26,-0.0072115384615384,0.0,-0.23076923076923078,0.23076923076923078,-0.38461538461538464,0.38461538461538464,False,False,False,0.1403125
petshop,baro,counterfactual_attribution,petshop::temporal_traffic1,8,-0.0072115384615384,0.125,-0.25,0.5,-0.625,0.75,True,False,False,0.197565
petshop,baro,counterfactual_attribution,petshop::temporal_traffic2,8,-0.0072115384615384,0.0,-0.375,0.375,-0.625,0.625,False,False,False,0.2900275
petshop,baro,epsilon_diagnosis,petshop::high_traffic,26,0.1706730769230769,0.15384615384615385,0.038461538461538464,0.3076923076923077,0.0,0.4230769230769231,False,False,False,0.012645
petshop,baro,epsilon_diagnosis,petshop::low_traffic,26,0.1706730769230769,0.15384615384615385,0.038461538461538464,0.3076923076923077,0.0,0.4230769230769231,False,False,False,0.0129275
petshop,baro,epsilon_diagnosis,petshop::temporal_traffic1,8,0.1706730769230769,0.25,0.0,0.625,0.0,0.875,False,False,False,0.10022
petshop,baro,epsilon_diagnosis,petshop::temporal_traffic2,8,0.1706730769230769,0.125,-0.25,0.5,-0.625,0.875,False,False,False,0.195975
petshop,baro,rcd,petshop::high_traffic,26,-0.1346153846153846,0.15384615384615385,0.038461538461538464,0.3076923076923077,0.0,0.4230769230769231,True,True,False,0.012645
petshop,baro,rcd,petshop::low_traffic,26,-0.1346153846153846,-0.19230769230769232,-0.4230769230769231,0.038461538461538464,-0.5769230769230769,0.19230769230769232,False,False,False,0.0298525
petshop,baro,rcd,petshop::temporal_traffic1,8,-0.1346153846153846,-0.375,-0.875,0.125,-1.0,0.5,False,False,False,0.062475
petshop,baro,rcd,petshop::temporal_traffic2,8,-0.1346153846153846,-0.125,-0.5,0.25,-0.75,0.625,False,False,False,0.19754
petshop,circa,counterfactual_attribution,petshop::high_traffic,26,0.235576923076923,-0.038461538461538464,-0.2692307692307692,0.19230769230769232,-0.4230769230769231,0.34615384615384615,True,False,False,0.1261975
petshop,circa,counterfactual_attribution,petshop::low_traffic,26,0.235576923076923,0.23076923076923078,-0.038461538461538464,0.5,-0.23076923076923078,0.6923076923076923,False,False,False,0.0270375
petshop,circa,counterfactual_attribution,petshop::temporal_traffic1,8,0.235576923076923,0.375,0.125,0.75,0.0,1.0,False,False,False,0.0235875
petshop,circa,counterfactual_attribution,petshop::temporal_traffic2,8,0.235576923076923,0.375,-0.125,0.875,-0.5,1.0,False,False,False,0.0634275
petshop,circa,epsilon_diagnosis,petshop::high_traffic,26,0.4134615384615384,0.2692307692307692,0.11538461538461539,0.46153846153846156,0.038461538461538464,0.5769230769230769,False,False,False,0.0002675
petshop,circa,epsilon_diagnosis,petshop::low_traffic,26,0.4134615384615384,0.38461538461538464,0.19230769230769232,0.5769230769230769,0.07692307692307693,0.7307692307692307,False,False,False,5e-06
petshop,circa,epsilon_diagnosis,petshop::temporal_traffic1,8,0.4134615384615384,0.5,0.125,0.875,0.0,1.0,False,False,False,0.003955
petshop,circa,epsilon_diagnosis,petshop::temporal_traffic2,8,0.4134615384615384,0.5,0.125,0.875,0.0,1.0,False,False,False,0.00392
petshop,circa,rcd,petshop::high_traffic,26,0.1081730769230769,0.2692307692307692,0.11538461538461539,0.46153846153846156,0.038461538461538464,0.5769230769230769,False,False,False,0.0002675
petshop,circa,rcd,petshop::low_traffic,26,0.1081730769230769,0.038461538461538464,-0.23076923076923078,0.3076923076923077,-0.4230769230769231,0.5,False,False,False,0.1053825
petshop,circa,rcd,petshop::temporal_traffic1,8,0.1081730769230769,-0.125,-0.625,0.375,-1.0,0.75,True,False,False,0.158125
petshop,circa,rcd,petshop::temporal_traffic2,8,0.1081730769230769,0.25,-0.25,0.625,-0.5,1.0,False,False,False,0.1177575
petshop,counterfactual_attribution,epsilon_diagnosis,petshop::high_traffic,26,0.1778846153846154,0.3076923076923077,0.15384615384615385,0.5,0.038461538461538464,0.6153846153846154,False,False,False,7.5e-05
petshop,counterfactual_attribution,epsilon_diagnosis,petshop::low_traffic,26,0.1778846153846154,0.15384615384615385,0.038461538461538464,0.3076923076923077,0.0,0.4230769230769231,False,False,False,0.01291
petshop,counterfactual_attribution,epsilon_diagnosis,petshop::temporal_traffic1,8,0.1778846153846154,0.125,0.0,0.375,0.0,0.625,False,False,False,0.34252
petshop,counterfactual_attribution,epsilon_diagnosis,petshop::temporal_traffic2,8,0.1778846153846154,0.125,0.0,0.375,0.0,0.625,False,False,False,0.34252
petshop,counterfactual_attribution,rcd,petshop::high_traffic,26,-0.1274038461538461,0.3076923076923077,0.15384615384615385,0.5,0.038461538461538464,0.6153846153846154,True,True,True,7.5e-05
petshop,counterfactual_attribution,rcd,petshop::low_traffic,26,-0.1274038461538461,-0.19230769230769232,-0.4230769230769231,0.038461538461538464,-0.5769230769230769,0.23076923076923078,False,False,False,0.0367625
petshop,counterfactual_attribution,rcd,petshop::temporal_traffic1,8,-0.1274038461538461,-0.5,-0.875,0.0,-1.0,0.5,False,False,False,0.0302075
petshop,counterfactual_attribution,rcd,petshop::temporal_traffic2,8,-0.1274038461538461,-0.125,-0.5,0.25,-0.75,0.625,False,False,False,0.1974125
petshop,epsilon_diagnosis,rcd,petshop::high_traffic,26,-0.3052884615384615,0.0,0.0,0.0,0.0,0.0,False,False,False,1.0
petshop,epsilon_diagnosis,rcd,petshop::low_traffic,26,-0.3052884615384615,-0.34615384615384615,-0.5384615384615384,-0.15384615384615385,-0.6923076923076923,-0.07692307692307693,False,False,False,2.5e-05
petshop,epsilon_diagnosis,rcd,petshop::temporal_traffic1,8,-0.3052884615384615,-0.625,-0.875,-0.25,-1.0,0.0,False,False,False,0.00035
petshop,epsilon_diagnosis,rcd,petshop::temporal_traffic2,8,-0.3052884615384615,-0.25,-0.625,0.25,-1.0,0.5,False,False,False,0.116695
