layer,a,b,app,n_re1,delta_re1,lo_re1,hi_re1,n_re2,delta_re2,lo_re2,hi_re2,sign_agree,ci_opposite,abs_delta_diff
L1,baro,causalrca,OB,125,0.12,0.0426666666666666,0.1946666666666667,90,-0.0629629629629629,-0.1592592592592592,0.0407407407407407,False,False,0.057037037037037094
L1,baro,causalrca,SS,125,0.672,0.592,0.752,90,-0.0814814814814814,-0.1629629629629629,-0.0037037037037036,False,True,0.5905185185185187
L1,baro,causalrca,TT,125,0.424,0.3306666666666667,0.5146666666666666,90,0.4592592592592593,0.3407407407407407,0.5740740740740741,True,False,-0.035259259259259323
L1,baro,circa,OB,125,0.064,-0.032,0.16,90,-0.5222222222222223,-0.6444444444444445,-0.4,False,False,-0.45822222222222225
L1,baro,circa,SS,125,0.144,0.064,0.232,90,-0.7111111111111111,-0.8,-0.6111111111111112,False,True,-0.5671111111111111
L1,baro,circa,TT,125,0.232,0.136,0.328,90,0.1222222222222222,0.0111111111111111,0.2333333333333333,True,False,0.10977777777777781
L1,baro,e_diagnosis,OB,125,0.704,0.624,0.784,90,0.1111111111111111,0.0222222222222222,0.2,True,False,0.5928888888888888
L1,baro,e_diagnosis,SS,125,0.704,0.616,0.784,90,-0.0888888888888888,-0.1888888888888888,0.0,False,False,0.6151111111111112
L1,baro,e_diagnosis,TT,125,0.56,0.472,0.64,90,0.6666666666666666,0.5666666666666667,0.7666666666666667,True,False,-0.10666666666666658
L1,causalrca,circa,OB,125,-0.056,-0.144,0.0346666666666666,90,-0.4592592592592593,-0.5666666666666667,-0.3555555555555555,True,False,-0.4032592592592593
L1,causalrca,circa,SS,125,-0.5279999999999999,-0.6133333333333334,-0.44,90,-0.6296296296296297,-0.7222222222222222,-0.5296296296296296,True,False,-0.10162962962962974
L1,causalrca,circa,TT,125,-0.192,-0.2800000000000001,-0.104,90,-0.3370370370370371,-0.4555555555555556,-0.2185185185185185,True,False,-0.14503703703703708
L1,causalrca,e_diagnosis,OB,125,0.5840000000000001,0.5119999999999999,0.6586666666666666,90,0.174074074074074,0.0888888888888888,0.2592592592592592,True,False,0.4099259259259261
L1,causalrca,e_diagnosis,SS,125,0.0319999999999999,-0.0506666666666666,0.1173333333333333,90,-0.0074074074074074,-0.1037037037037037,0.0888888888888888,False,False,0.024592592592592496
L1,causalrca,e_diagnosis,TT,125,0.1359999999999999,0.096,0.1786666666666666,90,0.2074074074074073,0.1518518518518518,0.2666666666666666,True,False,-0.07140740740740739
L1,circa,e_diagnosis,OB,125,0.64,0.552,0.72,90,0.6333333333333333,0.5333333333333333,0.7444444444444445,True,False,0.00666666666666671
L1,circa,e_diagnosis,SS,125,0.56,0.464,0.648,90,0.6222222222222222,0.5,0.7333333333333333,True,False,-0.06222222222222218
L1,circa,e_diagnosis,TT,125,0.328,0.248,0.408,90,0.5444444444444444,0.4444444444444444,0.6444444444444445,True,False,-0.21644444444444438
L2,alertcount,baro,OB,125,-0.344,-0.44,-0.2478000000000029,90,0.0666666666666666,-0.0555555555555555,0.1888888888888888,False,False,0.2773333333333334
L2,alertcount,baro,SS,125,-0.472,-0.576,-0.36,90,0.3222222222222222,0.2111111111111111,0.4333333333333333,False,True,0.1497777777777778
L2,alertcount,baro,TT,125,-0.512,-0.608,-0.408,90,-0.4555555555555555,-0.5666666666666667,-0.3444444444444444,True,False,0.05644444444444452
L2,alertcount,causalrca,OB,125,-0.2239999999999999,-0.32,-0.1279999999999999,90,0.0037037037037037,-0.1111111111111111,0.1222222222222222,False,False,0.22029629629629618
L2,alertcount,causalrca,SS,125,0.2,0.0986666666666667,0.3013333333333334,90,0.2407407407407407,0.1296296296296296,0.3555555555555555,True,False,-0.04074074074074069
L2,alertcount,causalrca,TT,125,-0.088,-0.144,-0.0293333333333333,90,0.0037037037037037,-0.0888888888888888,0.1,False,False,0.0842962962962963
L2,alertcount,cd1min,OB,125,-0.336,-0.448,-0.224,90,-0.5222222222222223,-0.6444444444444445,-0.3888888888888889,True,False,-0.18622222222222223
L2,alertcount,cd1min,SS,125,-0.552,-0.648,-0.448,90,-0.5555555555555556,-0.6555555555555556,-0.4555555555555555,True,False,-0.003555555555555534
L2,alertcount,cd1min,TT,125,-0.232,-0.328,-0.144,90,-0.5777777777777777,-0.6888888888888889,-0.4666666666666667,True,False,-0.34577777777777774
L2,alertcount,circa,OB,125,-0.28,-0.392,-0.176,90,-0.4555555555555555,-0.5888888888888889,-0.3222222222222222,True,False,-0.17555555555555546
L2,alertcount,circa,SS,125,-0.328,-0.448,-0.208,90,-0.3888888888888889,-0.5111111111111111,-0.2666666666666666,True,False,-0.06088888888888888
L2,alertcount,circa,TT,125,-0.28,-0.368,-0.192,90,-0.3333333333333333,-0.4555555555555555,-0.2111111111111111,True,False,-0.05333333333333329
L2,alertcount,e_diagnosis,OB,125,0.36,0.272,0.448,90,0.1777777777777777,0.0888888888888888,0.2666666666666666,True,False,0.18222222222222229
L2,alertcount,e_diagnosis,SS,125,0.232,0.12,0.344,90,0.2333333333333333,0.1111111111111111,0.3555555555555555,True,False,-0.0013333333333332975
L2,alertcount,e_diagnosis,TT,125,0.048,0.016,0.088,90,0.2111111111111111,0.1333333333333333,0.3,True,False,-0.1631111111111111
L2,alertcount,max_z,OB,125,-0.112,-0.224,0.0,90,-0.5666666666666667,-0.6888888888888889,-0.4333333333333333,True,False,-0.45466666666666666
L2,alertcount,max_z,SS,125,-0.368,-0.488,-0.248,90,-0.4555555555555555,-0.5888888888888889,-0.3222222222222222,True,False,-0.0875555555555555
L2,alertcount,max_z,TT,125,-0.376,-0.472,-0.28,90,-0.2,-0.3222222222222222,-0.0666666666666666,True,False,0.176
L2,baro,causalrca,OB,125,0.12,0.0426666666666666,0.1946666666666667,90,-0.0629629629629629,-0.1592592592592592,0.0407407407407407,False,False,0.057037037037037094
L2,baro,causalrca,SS,125,0.672,0.592,0.752,90,-0.0814814814814814,-0.1629629629629629,-0.0037037037037036,False,True,0.5905185185185187
L2,baro,causalrca,TT,125,0.424,0.3306666666666667,0.5146666666666666,90,0.4592592592592593,0.3407407407407407,0.5740740740740741,True,False,-0.035259259259259323
L2,baro,cd1min,OB,125,0.008,-0.08,0.096,90,-0.5888888888888889,-0.7,-0.4777777777777778,False,False,-0.5808888888888889
L2,baro,cd1min,SS,125,-0.08,-0.136,-0.024,90,-0.8777777777777778,-0.9444444444444444,-0.8111111111111111,True,False,-0.7977777777777778
L2,baro,cd1min,TT,125,0.28,0.16,0.392,90,-0.1222222222222222,-0.2333333333333333,-0.0111111111111111,False,True,0.15777777777777782
L2,baro,circa,OB,125,0.064,-0.032,0.16,90,-0.5222222222222223,-0.6444444444444445,-0.4,False,False,-0.45822222222222225
L2,baro,circa,SS,125,0.144,0.064,0.232,90,-0.7111111111111111,-0.8,-0.6111111111111112,False,True,-0.5671111111111111
L2,baro,circa,TT,125,0.232,0.136,0.328,90,0.1222222222222222,0.0111111111111111,0.2333333333333333,True,False,0.10977777777777781
L2,baro,e_diagnosis,OB,125,0.704,0.624,0.784,90,0.1111111111111111,0.0222222222222222,0.2,True,False,0.5928888888888888
L2,baro,e_diagnosis,SS,125,0.704,0.616,0.784,90,-0.0888888888888888,-0.1888888888888888,0.0,False,False,0.6151111111111112
L2,baro,e_diagnosis,TT,125,0.56,0.472,0.64,90,0.6666666666666666,0.5666666666666667,0.7666666666666667,True,False,-0.10666666666666658
L2,baro,max_z,OB,125,0.232,0.136,0.328,90,-0.6333333333333333,-0.7333333333333333,-0.5222222222222223,False,True,-0.4013333333333333
L2,baro,max_z,SS,125,0.104,0.032,0.176,90,-0.7777777777777778,-0.8555555555555555,-0.6888888888888889,False,True,-0.6737777777777778
L2,baro,max_z,TT,125,0.136,0.048,0.224,90,0.2555555555555555,0.1333333333333333,0.3777777777777777,True,False,-0.11955555555555547
L2,causalrca,cd1min,OB,125,-0.112,-0.1973333333333333,-0.0266666666666666,90,-0.5259259259259259,-0.6185185185185186,-0.4296296296296297,True,False,-0.4139259259259259
L2,causalrca,cd1min,SS,125,-0.752,-0.8186666666666668,-0.68,90,-0.7962962962962964,-0.8666666666666667,-0.7222222222222222,True,False,-0.04429629629629639
L2,causalrca,cd1min,TT,125,-0.144,-0.2346666666666666,-0.056,90,-0.5814814814814816,-0.6777777777777778,-0.4814814814814815,True,False,-0.4374814814814816
L2,causalrca,circa,OB,125,-0.056,-0.144,0.0346666666666666,90,-0.4592592592592593,-0.5666666666666667,-0.3555555555555555,True,False,-0.4032592592592593
L2,causalrca,circa,SS,125,-0.5279999999999999,-0.6133333333333334,-0.44,90,-0.6296296296296297,-0.7222222222222222,-0.5296296296296296,True,False,-0.10162962962962974
L2,causalrca,circa,TT,125,-0.192,-0.2800000000000001,-0.104,90,-0.3370370370370371,-0.4555555555555556,-0.2185185185185185,True,False,-0.14503703703703708
L2,causalrca,e_diagnosis,OB,125,0.5840000000000001,0.5119999999999999,0.6586666666666666,90,0.174074074074074,0.0888888888888888,0.2592592592592592,True,False,0.4099259259259261
L2,causalrca,e_diagnosis,SS,125,0.0319999999999999,-0.0506666666666666,0.1173333333333333,90,-0.0074074074074074,-0.1037037037037037,0.0888888888888888,False,False,0.024592592592592496
L2,causalrca,e_diagnosis,TT,125,0.1359999999999999,0.096,0.1786666666666666,90,0.2074074074074073,0.1518518518518518,0.2666666666666666,True,False,-0.07140740740740739
L2,causalrca,max_z,OB,125,0.1119999999999999,0.0079999999999999,0.2159999999999999,90,-0.5703703703703704,-0.6666666666666667,-0.4703703703703704,False,True,-0.45837037037037054
L2,causalrca,max_z,SS,125,-0.568,-0.6613333333333333,-0.4746666666666667,90,-0.6962962962962963,-0.7888888888888889,-0.5962962962962963,True,False,-0.12829629629629635
L2,causalrca,max_z,TT,125,-0.288,-0.3786666666666667,-0.1946666666666666,90,-0.2037037037037037,-0.3111111111111111,-0.1,True,False,0.08429629629629629
L2,cd1min,circa,OB,125,0.056,-0.04,0.152,90,0.0666666666666666,-0.0444444444444444,0.1777777777777777,True,False,-0.010666666666666595
L2,cd1min,circa,SS,125,0.224,0.144,0.304,90,0.1666666666666666,0.0888888888888888,0.2555555555555555,True,False,0.0573333333333334
L2,cd1min,circa,TT,125,-0.048,-0.16,0.072,90,0.2444444444444444,0.1333333333333333,0.3555555555555555,False,False,-0.19644444444444442
L2,cd1min,e_diagnosis,OB,125,0.696,0.616,0.776,90,0.7,0.6,0.8,True,False,-0.0040000000000000036
L2,cd1min,e_diagnosis,SS,125,0.784,0.712,0.856,90,0.7888888888888889,0.6888888888888889,0.8777777777777778,True,False,-0.0048888888888888316
L2,cd1min,e_diagnosis,TT,125,0.28,0.2,0.36,90,0.7888888888888889,0.7,0.8666666666666667,True,False,-0.5088888888888888
L2,cd1min,max_z,OB,125,0.224,0.12,0.336,90,-0.0444444444444444,-0.1222222222222222,0.0333333333333333,False,False,0.1795555555555556
L2,cd1min,max_z,SS,125,0.184,0.112,0.256,90,0.1,0.0222222222222222,0.1777777777777777,True,False,0.08399999999999999
L2,cd1min,max_z,TT,125,-0.144,-0.248,-0.032,90,0.3777777777777777,0.2555555555555555,0.5,False,True,-0.23377777777777772
L2,circa,e_diagnosis,OB,125,0.64,0.552,0.72,90,0.6333333333333333,0.5333333333333333,0.7444444444444445,True,False,0.00666666666666671
L2,circa,e_diagnosis,SS,125,0.56,0.464,0.648,90,0.6222222222222222,0.5,0.7333333333333333,True,False,-0.06222222222222218
L2,circa,e_diagnosis,TT,125,0.328,0.248,0.408,90,0.5444444444444444,0.4444444444444444,0.6444444444444445,True,False,-0.21644444444444438
L2,circa,max_z,OB,125,0.168,0.064,0.28,90,-0.1111111111111111,-0.2111111111111111,-0.0111111111111111,False,True,0.056888888888888905
L2,circa,max_z,SS,125,-0.04,-0.144,0.064,90,-0.0666666666666666,-0.1555555555555555,0.0111111111111111,True,False,-0.026666666666666596
L2,circa,max_z,TT,125,-0.096,-0.192,0.008,90,0.1333333333333333,0.0,0.2666666666666666,False,False,-0.0373333333333333
L2,e_diagnosis,max_z,OB,125,-0.472,-0.56,-0.376,90,-0.7444444444444445,-0.8333333333333334,-0.6555555555555556,True,False,-0.2724444444444445
L2,e_diagnosis,max_z,SS,125,-0.6,-0.696,-0.496,90,-0.6888888888888889,-0.8,-0.5666666666666667,True,False,-0.0888888888888889
L2,e_diagnosis,max_z,TT,125,-0.424,-0.512,-0.336,90,-0.4111111111111111,-0.5111111111111111,-0.3111111111111111,True,False,0.012888888888888894
