family,layer,a,b,k,pooled_se,abs_margin,sd_sub_delta,margin_lt_sd,n_rev_se,reverses,n_rev_ci_se,reverses_ci
RE1,L1,baro,causalrca,3,0.4053333333333333,0.4053333333333333,0.2764730246033658,False,0,False,0,False
RE1,L1,baro,circa,3,0.1466666666666666,0.1466666666666666,0.0840317400351399,False,0,False,0,False
RE1,L1,baro,e_diagnosis,3,0.6559999999999999,0.6559999999999999,0.083138438763306,False,0,False,0,False
RE1,L1,baro,rcd,3,0.375111111111111,0.375111111111111,0.1564116127165518,False,0,False,0,False
RE1,L1,causalrca,circa,3,-0.2586666666666666,0.2586666666666666,0.2429595302377194,False,0,False,0,False
RE1,L1,causalrca,e_diagnosis,3,0.2506666666666666,0.2506666666666666,0.2933212118707635,True,0,False,0,False
RE1,L1,causalrca,rcd,3,-0.0302222222222222,0.0302222222222222,0.1591384209958017,True,2,True,0,False
RE1,L1,circa,e_diagnosis,3,0.5093333333333334,0.5093333333333334,0.1620534891118773,False,0,False,0,False
RE1,L1,circa,rcd,3,0.2284444444444444,0.2284444444444444,0.0925426828449886,False,0,False,0,False
RE1,L1,e_diagnosis,rcd,3,-0.2808888888888888,0.2808888888888888,0.212905125801594,False,0,False,0,False
RE1,L2,alertcount,baro,3,-0.4426666666666666,0.4426666666666666,0.0877572409168231,False,0,False,0,False
RE1,L2,alertcount,causalrca,3,-0.0373333333333333,0.0373333333333333,0.2164932639444778,True,1,True,1,True
RE1,L2,alertcount,cd1min,3,-0.3733333333333333,0.3733333333333333,0.1632339833898975,False,0,False,0,False
RE1,L2,alertcount,circa,3,-0.296,0.296,0.027712812921102,False,0,False,0,False
RE1,L2,alertcount,e_diagnosis,3,0.2133333333333333,0.2133333333333333,0.1568353701603478,False,0,False,0,False
RE1,L2,alertcount,max_z,3,-0.2853333333333333,0.2853333333333333,0.1501643544032116,False,0,False,0,False
RE1,L2,alertcount,rcd,3,-0.0675555555555555,0.0675555555555555,0.0720658135420775,True,0,False,0,False
RE1,L2,baro,causalrca,3,0.4053333333333333,0.4053333333333333,0.2764730246033658,False,0,False,0,False
RE1,L2,baro,cd1min,3,0.0693333333333333,0.0693333333333333,0.1876734753057377,True,1,True,1,True
RE1,L2,baro,circa,3,0.1466666666666666,0.1466666666666666,0.0840317400351399,False,0,False,0,False
RE1,L2,baro,e_diagnosis,3,0.6559999999999999,0.6559999999999999,0.083138438763306,False,0,False,0,False
RE1,L2,baro,max_z,3,0.1573333333333333,0.1573333333333333,0.0666133119829162,False,0,False,0,False
RE1,L2,baro,rcd,3,0.375111111111111,0.375111111111111,0.1564116127165518,False,0,False,0,False
RE1,L2,causalrca,cd1min,3,-0.3359999999999999,0.3359999999999999,0.3606216854267086,True,0,False,0,False
RE1,L2,causalrca,circa,3,-0.2586666666666666,0.2586666666666666,0.2429595302377194,False,0,False,0,False
RE1,L2,causalrca,e_diagnosis,3,0.2506666666666666,0.2506666666666666,0.2933212118707635,True,0,False,0,False
RE1,L2,causalrca,max_z,3,-0.2479999999999999,0.2479999999999999,0.3417601498127012,True,1,True,1,True
RE1,L2,causalrca,rcd,3,-0.0302222222222222,0.0302222222222222,0.1591384209958017,True,2,True,0,False
RE1,L2,cd1min,circa,3,0.0773333333333333,0.0773333333333333,0.1372491651462162,True,1,True,0,False
RE1,L2,cd1min,e_diagnosis,3,0.5866666666666667,0.5866666666666667,0.2692012877631408,False,0,False,0,False
RE1,L2,cd1min,max_z,3,0.088,0.088,0.2019108714259834,True,1,True,1,True
RE1,L2,cd1min,rcd,3,0.3057777777777778,0.3057777777777778,0.2017053222823757,False,0,False,0,False
RE1,L2,circa,e_diagnosis,3,0.5093333333333334,0.5093333333333334,0.1620534891118773,False,0,False,0,False
RE1,L2,circa,max_z,3,0.0106666666666666,0.0106666666666666,0.1391018811279464,True,2,True,0,False
RE1,L2,circa,rcd,3,0.2284444444444444,0.2284444444444444,0.0925426828449886,False,0,False,0,False
RE1,L2,e_diagnosis,max_z,3,-0.4986666666666666,0.4986666666666666,0.0909798512492372,False,0,False,0,False
RE1,L2,e_diagnosis,rcd,3,-0.2808888888888888,0.2808888888888888,0.212905125801594,False,0,False,0,False
RE1,L2,max_z,rcd,3,0.2177777777777778,0.2177777777777778,0.2211297591242987,True,1,True,0,False
openrca,L1,baro,e_diagnosis,4,0.0857591440422322,0.0857591440422322,0.0553310720954089,False,0,False,0,False
openrca,L1,baro,rcd,4,0.0268358516483516,0.0268358516483516,0.0361313129619594,True,1,True,0,False
openrca,L1,e_diagnosis,rcd,4,-0.0589232923938806,0.0589232923938806,0.061194535017553,True,0,False,0,False
openrca,L2,alertcount,baro,4,0.0620352698771816,0.0620352698771816,0.0364536642169578,False,0,False,0,False
openrca,L2,alertcount,cd1min,4,0.0182711026718379,0.0182711026718379,0.0415178673897315,True,1,True,0,False
openrca,L2,alertcount,e_diagnosis,4,0.1477944139194139,0.1477944139194139,0.0375116265137924,False,0,False,0,False
openrca,L2,alertcount,max_z,4,0.0087762739711269,0.0087762739711269,0.0265992902972666,True,2,True,0,False
openrca,L2,alertcount,rcd,4,0.0888711215255333,0.0888711215255333,0.0334730110933669,False,0,False,0,False
openrca,L2,baro,cd1min,4,-0.0437641672053436,0.0437641672053436,0.0605207409138234,True,1,True,0,False
openrca,L2,baro,e_diagnosis,4,0.0857591440422322,0.0857591440422322,0.0553310720954089,False,0,False,0,False
openrca,L2,baro,max_z,4,-0.0532589959060547,0.0532589959060547,0.0625547274730049,True,1,True,0,False
openrca,L2,baro,rcd,4,0.0268358516483516,0.0268358516483516,0.0361313129619594,True,1,True,0,False
openrca,L2,cd1min,e_diagnosis,4,0.1295233112475759,0.1295233112475759,0.0136096423705487,False,0,False,0,False
openrca,L2,cd1min,max_z,4,-0.009494828700711,0.009494828700711,0.0441360238001246,True,2,True,0,False
openrca,L2,cd1min,rcd,4,0.0706000188536953,0.0706000188536953,0.0699324992902986,False,1,True,0,False
openrca,L2,e_diagnosis,max_z,4,-0.139018139948287,0.139018139948287,0.0409966982590756,False,0,False,0,False
openrca,L2,e_diagnosis,rcd,4,-0.0589232923938806,0.0589232923938806,0.061194535017553,True,0,False,0,False
openrca,L2,max_z,rcd,4,0.0800948475544063,0.0800948475544063,0.0489828243492821,False,0,False,0,False
petshop,L1,baro,circa,4,-0.2427884615384615,0.2427884615384615,0.1063141557091152,False,0,False,0,False
petshop,L1,baro,counterfactual_attribution,4,-0.0072115384615384,0.0072115384615384,0.1141426211738709,True,1,True,0,False
petshop,L1,baro,epsilon_diagnosis,4,0.1706730769230769,0.1706730769230769,0.0546048879403872,False,0,False,0,False
petshop,L1,baro,rcd,4,-0.1346153846153846,0.1346153846153846,0.2194050139759593,True,1,True,1,True
petshop,L1,circa,counterfactual_attribution,4,0.235576923076923,0.235576923076923,0.1949339897376278,False,1,True,0,False
petshop,L1,circa,epsilon_diagnosis,4,0.4134615384615384,0.4134615384615384,0.1104723585872697,False,0,False,0,False
petshop,L1,circa,rcd,4,0.1081730769230769,0.1081730769230769,0.1873355623450394,True,1,True,0,False
petshop,L1,counterfactual_attribution,epsilon_diagnosis,4,0.1778846153846154,0.1778846153846154,0.0876003228763875,False,0,False,0,False
petshop,L1,counterfactual_attribution,rcd,4,-0.1274038461538461,0.1274038461538461,0.3328437294359803,True,1,True,1,True
petshop,L1,epsilon_diagnosis,rcd,4,-0.3052884615384615,0.3052884615384615,0.2582913769453778,False,0,False,0,False
petshop,L2,alertcount,baro,4,-0.1298076923076923,0.1298076923076923,0.1034119602878312,False,0,False,0,False
petshop,L2,alertcount,baseline,4,-0.5432692307692307,0.5432692307692307,0.1333502824532995,False,0,False,0,False
petshop,L2,alertcount,cd1min,4,0.0,0.0,0.1067841746728056,True,0,False,0,False
petshop,L2,alertcount,circa,4,-0.3725961538461538,0.3725961538461538,0.1102978641510882,False,0,False,0,False
petshop,L2,alertcount,counterfactual_attribution,4,-0.1370192307692307,0.1370192307692307,0.110576923076923,False,0,False,0,False
petshop,L2,alertcount,epsilon_diagnosis,4,0.0408653846153846,0.0408653846153846,0.05894735306971,True,0,False,0,False
petshop,L2,alertcount,max_z,4,-0.1826923076923077,0.1826923076923077,0.1428351279176743,False,0,False,0,False
petshop,L2,alertcount,random_walk,4,0.0408653846153846,0.0408653846153846,0.1559106274994055,True,1,True,0,False
petshop,L2,alertcount,ranked_correlation,4,-0.5673076923076923,0.5673076923076923,0.2234413468965817,False,0,False,0,False
petshop,L2,alertcount,rcd,4,-0.2644230769230769,0.2644230769230769,0.287444789313275,True,1,True,0,False
petshop,L2,baro,baseline,4,-0.4134615384615384,0.4134615384615384,0.1629895145524502,False,0,False,0,False
petshop,L2,baro,cd1min,4,0.1298076923076923,0.1298076923076923,0.0166543346881622,False,0,False,0,False
petshop,L2,baro,circa,4,-0.2427884615384615,0.2427884615384615,0.1063141557091152,False,0,False,0,False
petshop,L2,baro,counterfactual_attribution,4,-0.0072115384615384,0.0072115384615384,0.1141426211738709,True,1,True,0,False
petshop,L2,baro,epsilon_diagnosis,4,0.1706730769230769,0.1706730769230769,0.0546048879403872,False,0,False,0,False
petshop,L2,baro,max_z,4,-0.0528846153846153,0.0528846153846153,0.0956718689525596,True,1,True,0,False
petshop,L2,baro,random_walk,4,0.1706730769230769,0.1706730769230769,0.0546048879403872,False,0,False,0,False
petshop,L2,baro,ranked_correlation,4,-0.4375,0.4375,0.1398920054025333,False,0,False,0,False
petshop,L2,baro,rcd,4,-0.1346153846153846,0.1346153846153846,0.2194050139759593,True,1,True,1,True
petshop,L2,baseline,cd1min,4,0.5432692307692308,0.5432692307692308,0.1525385132601383,False,0,False,0,False
petshop,L2,baseline,circa,4,0.1706730769230769,0.1706730769230769,0.06299116668921,False,0,False,0,False
petshop,L2,baseline,counterfactual_attribution,4,0.40625,0.40625,0.234790681674515,False,0,False,0,False
petshop,L2,baseline,epsilon_diagnosis,4,0.5841346153846154,0.5841346153846154,0.1517028182633187,False,0,False,0,False
petshop,L2,baseline,max_z,4,0.3605769230769231,0.3605769230769231,0.1080750980774831,False,0,False,0,False
petshop,L2,baseline,random_walk,4,0.5841346153846154,0.5841346153846154,0.2093969398113708,False,0,False,0,False
petshop,L2,baseline,ranked_correlation,4,-0.0240384615384615,0.0240384615384615,0.3020822706231732,True,1,True,1,True
petshop,L2,baseline,rcd,4,0.2788461538461538,0.2788461538461538,0.2161501961549662,False,0,False,0,False
petshop,L2,cd1min,circa,4,-0.3725961538461538,0.3725961538461538,0.095953316537966,False,0,False,0,False
petshop,L2,cd1min,counterfactual_attribution,4,-0.1370192307692307,0.1370192307692307,0.1271692930416072,False,0,False,0,False
petshop,L2,cd1min,epsilon_diagnosis,4,0.0408653846153846,0.0408653846153846,0.05894735306971,True,0,False,0,False
petshop,L2,cd1min,max_z,4,-0.1826923076923077,0.1826923076923077,0.0838249796834745,False,0,False,0,False
petshop,L2,cd1min,random_walk,4,0.0408653846153846,0.0408653846153846,0.05894735306971,True,0,False,0,False
petshop,L2,cd1min,ranked_correlation,4,-0.5673076923076923,0.5673076923076923,0.1504021564955136,False,0,False,0,False
petshop,L2,cd1min,rcd,4,-0.2644230769230769,0.2644230769230769,0.2061522914216154,False,0,False,0,False
petshop,L2,circa,counterfactual_attribution,4,0.235576923076923,0.235576923076923,0.1949339897376278,False,1,True,0,False
petshop,L2,circa,epsilon_diagnosis,4,0.4134615384615384,0.4134615384615384,0.1104723585872697,False,0,False,0,False
petshop,L2,circa,max_z,4,0.1899038461538461,0.1899038461538461,0.0511064702535319,False,0,False,0,False
petshop,L2,circa,random_walk,4,0.4134615384615384,0.4134615384615384,0.1504021564955136,False,0,False,0,False
petshop,L2,circa,ranked_correlation,4,-0.1947115384615384,0.1947115384615384,0.2425384279928738,True,1,True,0,False
petshop,L2,circa,rcd,4,0.1081730769230769,0.1081730769230769,0.1873355623450394,True,1,True,0,False
petshop,L2,counterfactual_attribution,epsilon_diagnosis,4,0.1778846153846154,0.1778846153846154,0.0876003228763875,False,0,False,0,False
petshop,L2,counterfactual_attribution,max_z,4,-0.0456730769230769,0.0456730769230769,0.2037274388230229,True,1,True,1,True
petshop,L2,counterfactual_attribution,random_walk,4,0.1778846153846154,0.1778846153846154,0.1345008670407518,False,0,False,0,False
petshop,L2,counterfactual_attribution,ranked_correlation,4,-0.4302884615384615,0.4302884615384615,0.1533194107605959,False,0,False,0,False
petshop,L2,counterfactual_attribution,rcd,4,-0.1274038461538461,0.1274038461538461,0.3328437294359803,True,1,True,1,True
petshop,L2,epsilon_diagnosis,max_z,4,-0.2235576923076923,0.2235576923076923,0.1239788169060348,False,0,False,0,False
petshop,L2,epsilon_diagnosis,random_walk,4,0.0,0.0,0.1020620726159657,True,0,False,0,False
petshop,L2,epsilon_diagnosis,ranked_correlation,4,-0.6081730769230769,0.6081730769230769,0.1736768448864273,False,0,False,0,False
petshop,L2,epsilon_diagnosis,rcd,4,-0.3052884615384615,0.3052884615384615,0.2582913769453778,False,0,False,0,False
petshop,L2,max_z,random_walk,4,0.2235576923076923,0.2235576923076923,0.1239788169060348,False,0,False,0,False
petshop,L2,max_z,ranked_correlation,4,-0.3846153846153846,0.3846153846153846,0.2160075698140288,False,0,False,0,False
petshop,L2,max_z,rcd,4,-0.0817307692307692,0.0817307692307692,0.1476099864060186,True,1,True,0,False
petshop,L2,random_walk,ranked_correlation,4,-0.6081730769230769,0.6081730769230769,0.0965935459353822,False,0,False,0,False
petshop,L2,random_walk,rcd,4,-0.3052884615384615,0.3052884615384615,0.2141987443263987,False,0,False,0,False
petshop,L2,ranked_correlation,rcd,4,0.3028846153846153,0.3028846153846153,0.289581160507223,False,0,False,0,False
