method,mean,gap_to_next,table
BARO (multi),0.69,0.023333333333333317,"RCAEval Table 6 (RE2-TT, AC@1, 6 fault types)"
BARO (metric),0.6666666666666666,0.011666666666666603,"RCAEval Table 6 (RE2-TT, AC@1, 6 fault types)"
TraceRCA (trace),0.655,0.1783333333333333,"RCAEval Table 6 (RE2-TT, AC@1, 6 fault types)"
PDiagnose (multi),0.47666666666666674,0.15333333333333343,"RCAEval Table 6 (RE2-TT, AC@1, 6 fault types)"
CIRCA (metric),0.3233333333333333,0.1033333333333333,"RCAEval Table 6 (RE2-TT, AC@1, 6 fault types)"
CausalRCA (metric),0.22,0.05666666666666667,"RCAEval Table 6 (RE2-TT, AC@1, 6 fault types)"
MicroRank (trace),0.16333333333333333,0.06499999999999999,"RCAEval Table 6 (RE2-TT, AC@1, 6 fault types)"
MicroCause (metric),0.09833333333333334,0.003333333333333327,"RCAEval Table 6 (RE2-TT, AC@1, 6 fault types)"
RCD (multi),0.09500000000000001,0.006666666666666682,"RCAEval Table 6 (RE2-TT, AC@1, 6 fault types)"
RCD (metric),0.08833333333333333,0.03166666666666666,"RCAEval Table 6 (RE2-TT, AC@1, 6 fault types)"
CIRCA (multi),0.05666666666666667,,"RCAEval Table 6 (RE2-TT, AC@1, 6 fault types)"
correlation,0.6483333333333333,0.09000000000000008,"PetShop Table 8 (top-1, 6 strata)"
traversal,0.5583333333333332,0.15666666666666657,"PetShop Table 8 (top-1, 6 strata)"
circa,0.40166666666666667,0.16833333333333336,"PetShop Table 8 (top-1, 6 strata)"
rcd,0.2333333333333333,0.014999999999999958,"PetShop Table 8 (top-1, 6 strata)"
counterfactual,0.21833333333333335,0.19833333333333336,"PetShop Table 8 (top-1, 6 strata)"
epsilon_diagnosis,0.02,,"PetShop Table 8 (top-1, 6 strata)"
