method,cpu,mem,disk,socket,delay,loss,printed_avg
BARO (metric),0.47,0.93,1.0,0.6,0.47,0.53,0.67
CausalRCA (metric),0.4,0.1,0.43,0.23,0.13,0.03,0.22
CIRCA (metric),0.27,0.47,0.53,0.27,0.2,0.2,0.32
MicroCause (metric),0.19,0.0,0.4,0.0,0.0,0.0,0.1
RCD (metric),0.13,0.07,0.0,0.13,0.13,0.07,0.09
MicroRank (trace),0.21,0.25,0.0,0.3,0.08,0.14,0.16
TraceRCA (trace),0.64,0.63,0.64,0.6,0.85,0.57,0.66
BARO (multi),0.47,0.93,1.0,0.6,0.47,0.67,0.69
CIRCA (multi),0.0,0.07,0.0,0.07,0.07,0.13,0.06
PDiagnose (multi),0.6,0.4,0.33,0.33,0.87,0.33,0.48
RCD (multi),0.17,0.0,0.07,0.21,0.05,0.07,0.1
