family,layer,weighting,winner,winner_pooled,runner_up,runner_up_pooled,subsystem,n,winner_acc,best_method,best_acc,regret,methods_ranked,methods_excluded_incomplete
RE1,L1,case_weighted,baro,0.7146666666666667,circa,0.568,RE1::OB,125,0.736,baro,0.736,0.0,5,
RE1,L1,case_weighted,baro,0.7146666666666667,circa,0.568,RE1::SS,125,0.848,baro,0.848,0.0,5,
RE1,L1,case_weighted,baro,0.7146666666666667,circa,0.568,RE1::TT,125,0.56,baro,0.56,0.0,5,
RE1,L1,system_equal,baro,0.7146666666666667,circa,0.568,RE1::OB,125,0.736,baro,0.736,0.0,5,
RE1,L1,system_equal,baro,0.7146666666666667,circa,0.568,RE1::SS,125,0.848,baro,0.848,0.0,5,
RE1,L1,system_equal,baro,0.7146666666666667,circa,0.568,RE1::TT,125,0.56,baro,0.56,0.0,5,
RE1,L2,case_weighted,baro,0.7146666666666667,cd1min,0.6453333333333333,RE1::OB,125,0.736,baro,0.736,0.0,8,
RE1,L2,case_weighted,baro,0.7146666666666667,cd1min,0.6453333333333333,RE1::SS,125,0.848,cd1min,0.928,0.08000000000000007,8,
RE1,L2,case_weighted,baro,0.7146666666666667,cd1min,0.6453333333333333,RE1::TT,125,0.56,baro,0.56,0.0,8,
RE1,L2,system_equal,baro,0.7146666666666667,cd1min,0.6453333333333334,RE1::OB,125,0.736,baro,0.736,0.0,8,
RE1,L2,system_equal,baro,0.7146666666666667,cd1min,0.6453333333333334,RE1::SS,125,0.848,cd1min,0.928,0.08000000000000007,8,
RE1,L2,system_equal,baro,0.7146666666666667,cd1min,0.6453333333333334,RE1::TT,125,0.56,baro,0.56,0.0,8,
openrca,L1,case_weighted,baro,0.12952238805970148,rcd,0.09152238805970149,openrca::bank,136,0.16044117647058823,baro,0.16044117647058823,0.0,3,
openrca,L1,case_weighted,baro,0.12952238805970148,rcd,0.09152238805970149,openrca::mkt1,70,0.05714285714285714,baro,0.05714285714285714,0.0,3,
openrca,L1,case_weighted,baro,0.12952238805970148,rcd,0.09152238805970149,openrca::mkt2,78,0.10576923076923077,baro,0.10576923076923077,0.0,3,
openrca,L1,case_weighted,baro,0.12952238805970148,rcd,0.09152238805970149,openrca::tel,51,0.18274509803921568,rcd,0.19261437908496734,0.00986928104575166,3,
openrca,L1,system_equal,baro,0.12652459060547294,rcd,0.09968873895712131,openrca::bank,136,0.16044117647058823,baro,0.16044117647058823,0.0,3,
openrca,L1,system_equal,baro,0.12652459060547294,rcd,0.09968873895712131,openrca::mkt1,70,0.05714285714285714,baro,0.05714285714285714,0.0,3,
openrca,L1,system_equal,baro,0.12652459060547294,rcd,0.09968873895712131,openrca::mkt2,78,0.10576923076923077,baro,0.10576923076923077,0.0,3,
openrca,L1,system_equal,baro,0.12652459060547294,rcd,0.09968873895712131,openrca::tel,51,0.18274509803921568,rcd,0.19261437908496734,0.00986928104575166,3,
openrca,L2,case_weighted,alertcount,0.18250746268656715,cd1min,0.1701492537313433,openrca::bank,136,0.17213235294117646,alertcount,0.17213235294117646,0.0,6,
openrca,L2,case_weighted,alertcount,0.18250746268656715,cd1min,0.1701492537313433,openrca::mkt1,70,0.144,cd1min,0.16085714285714287,0.016857142857142876,6,
openrca,L2,case_weighted,alertcount,0.18250746268656715,cd1min,0.1701492537313433,openrca::mkt2,78,0.19653846153846155,max_z,0.19974358974358974,0.0032051282051281937,6,
openrca,L2,case_weighted,alertcount,0.18250746268656715,cd1min,0.1701492537313433,openrca::tel,51,0.2415686274509804,alertcount,0.2415686274509804,0.0,6,
openrca,L2,system_equal,alertcount,0.1885598604826546,max_z,0.1797835865115277,openrca::bank,136,0.17213235294117646,alertcount,0.17213235294117646,0.0,6,
openrca,L2,system_equal,alertcount,0.1885598604826546,max_z,0.1797835865115277,openrca::mkt1,70,0.144,cd1min,0.16085714285714287,0.016857142857142876,6,
openrca,L2,system_equal,alertcount,0.1885598604826546,max_z,0.1797835865115277,openrca::mkt2,78,0.19653846153846155,max_z,0.19974358974358974,0.0032051282051281937,6,
openrca,L2,system_equal,alertcount,0.1885598604826546,max_z,0.1797835865115277,openrca::tel,51,0.2415686274509804,alertcount,0.2415686274509804,0.0,6,
petshop,L1,case_weighted,circa,0.38235294117647056,rcd,0.25,petshop::high_traffic,26,0.2692307692307692,counterfactual_attribution,0.3076923076923077,0.03846153846153849,5,
petshop,L1,case_weighted,circa,0.38235294117647056,rcd,0.25,petshop::low_traffic,26,0.38461538461538464,circa,0.38461538461538464,0.0,5,
petshop,L1,case_weighted,circa,0.38235294117647056,rcd,0.25,petshop::temporal_traffic1,8,0.5,rcd,0.625,0.125,5,
petshop,L1,case_weighted,circa,0.38235294117647056,rcd,0.25,petshop::temporal_traffic2,8,0.625,circa,0.625,0.0,5,
petshop,L1,system_equal,circa,0.44471153846153844,rcd,0.33653846153846156,petshop::high_traffic,26,0.2692307692307692,counterfactual_attribution,0.3076923076923077,0.03846153846153849,5,
petshop,L1,system_equal,circa,0.44471153846153844,rcd,0.33653846153846156,petshop::low_traffic,26,0.38461538461538464,circa,0.38461538461538464,0.0,5,
petshop,L1,system_equal,circa,0.44471153846153844,rcd,0.33653846153846156,petshop::temporal_traffic1,8,0.5,rcd,0.625,0.125,5,
petshop,L1,system_equal,circa,0.44471153846153844,rcd,0.33653846153846156,petshop::temporal_traffic2,8,0.625,circa,0.625,0.0,5,
petshop,L2,case_weighted,ranked_correlation,0.6470588235294118,baseline,0.5441176470588235,petshop::high_traffic,26,0.7307692307692307,ranked_correlation,0.7307692307692307,0.0,11,
petshop,L2,case_weighted,ranked_correlation,0.6470588235294118,baseline,0.5441176470588235,petshop::low_traffic,26,0.5769230769230769,baseline,0.5769230769230769,0.0,11,
petshop,L2,case_weighted,ranked_correlation,0.6470588235294118,baseline,0.5441176470588235,petshop::temporal_traffic1,8,0.75,ranked_correlation,0.75,0.0,11,
petshop,L2,case_weighted,ranked_correlation,0.6470588235294118,baseline,0.5441176470588235,petshop::temporal_traffic2,8,0.5,baseline,0.875,0.375,11,
petshop,L2,system_equal,ranked_correlation,0.6394230769230769,baseline,0.6153846153846154,petshop::high_traffic,26,0.7307692307692307,ranked_correlation,0.7307692307692307,0.0,11,
petshop,L2,system_equal,ranked_correlation,0.6394230769230769,baseline,0.6153846153846154,petshop::low_traffic,26,0.5769230769230769,baseline,0.5769230769230769,0.0,11,
petshop,L2,system_equal,ranked_correlation,0.6394230769230769,baseline,0.6153846153846154,petshop::temporal_traffic1,8,0.75,ranked_correlation,0.75,0.0,11,
petshop,L2,system_equal,ranked_correlation,0.6394230769230769,baseline,0.6153846153846154,petshop::temporal_traffic2,8,0.5,baseline,0.875,0.375,11,
RE2,L1,case_weighted,circa,0.662962962962963,simplerca_author,0.5037037037037037,RE2::OB,90,0.6666666666666666,circa,0.6666666666666666,0.0,6,microrank;tracerca
RE2,L1,case_weighted,circa,0.662962962962963,simplerca_author,0.5037037037037037,RE2::SS,90,0.7777777777777778,circa,0.7777777777777778,0.0,6,microrank;tracerca
RE2,L1,case_weighted,circa,0.662962962962963,simplerca_author,0.5037037037037037,RE2::TT,90,0.5444444444444444,simplerca_author,0.8,0.25555555555555565,6,microrank;tracerca
RE2,L1,system_equal,circa,0.662962962962963,simplerca_author,0.5037037037037037,RE2::OB,90,0.6666666666666666,circa,0.6666666666666666,0.0,6,microrank;tracerca
RE2,L1,system_equal,circa,0.662962962962963,simplerca_author,0.5037037037037037,RE2::SS,90,0.7777777777777778,circa,0.7777777777777778,0.0,6,microrank;tracerca
RE2,L1,system_equal,circa,0.662962962962963,simplerca_author,0.5037037037037037,RE2::TT,90,0.5444444444444444,simplerca_author,0.8,0.25555555555555565,6,microrank;tracerca
RE2,L2,case_weighted,cd1min,0.8222222222222222,max_z,0.6777777777777778,RE2::OB,90,0.7333333333333333,max_z,0.7777777777777778,0.04444444444444451,9,microrank;tracerca
RE2,L2,case_weighted,cd1min,0.8222222222222222,max_z,0.6777777777777778,RE2::SS,90,0.9444444444444444,cd1min,0.9444444444444444,0.0,9,microrank;tracerca
RE2,L2,case_weighted,cd1min,0.8222222222222222,max_z,0.6777777777777778,RE2::TT,90,0.7888888888888889,simplerca_author,0.8,0.011111111111111183,9,microrank;tracerca
RE2,L2,system_equal,cd1min,0.8222222222222221,max_z,0.6777777777777777,RE2::OB,90,0.7333333333333333,max_z,0.7777777777777778,0.04444444444444451,9,microrank;tracerca
RE2,L2,system_equal,cd1min,0.8222222222222221,max_z,0.6777777777777777,RE2::SS,90,0.9444444444444444,cd1min,0.9444444444444444,0.0,9,microrank;tracerca
RE2,L2,system_equal,cd1min,0.8222222222222221,max_z,0.6777777777777777,RE2::TT,90,0.7888888888888889,simplerca_author,0.8,0.011111111111111183,9,microrank;tracerca
