n_min,family,layer,a,b,k,pooled_se,n_rev,n_rev_ci
0,RE1,L1,baro,causalrca,3,0.4053333333333333,0,0
0,RE1,L1,baro,circa,3,0.14666666666666667,0,0
0,RE1,L1,baro,e_diagnosis,3,0.656,0,0
0,RE1,L1,baro,rcd,3,0.3751111111111111,0,0
0,RE1,L1,causalrca,circa,3,-0.25866666666666666,0,0
0,RE1,L1,causalrca,e_diagnosis,3,0.25066666666666665,0,0
0,RE1,L1,causalrca,rcd,3,-0.03022222222222226,2,0
0,RE1,L1,circa,e_diagnosis,3,0.5093333333333334,0,0
0,RE1,L1,circa,rcd,3,0.22844444444444445,0,0
0,RE1,L1,e_diagnosis,rcd,3,-0.28088888888888885,0,0
0,RE1,L2,alertcount,baro,3,-0.4426666666666666,0,0
0,RE1,L2,alertcount,causalrca,3,-0.037333333333333295,1,1
0,RE1,L2,alertcount,cd1min,3,-0.37333333333333335,0,0
0,RE1,L2,alertcount,circa,3,-0.29600000000000004,0,0
0,RE1,L2,alertcount,e_diagnosis,3,0.21333333333333335,0,0
0,RE1,L2,alertcount,max_z,3,-0.2853333333333333,0,0
0,RE1,L2,alertcount,rcd,3,-0.0675555555555555,0,0
0,RE1,L2,baro,causalrca,3,0.4053333333333333,0,0
0,RE1,L2,baro,cd1min,3,0.06933333333333334,1,1
0,RE1,L2,baro,circa,3,0.14666666666666667,0,0
0,RE1,L2,baro,e_diagnosis,3,0.656,0,0
0,RE1,L2,baro,max_z,3,0.15733333333333335,0,0
0,RE1,L2,baro,rcd,3,0.3751111111111111,0,0
0,RE1,L2,causalrca,cd1min,3,-0.336,0,0
0,RE1,L2,causalrca,circa,3,-0.25866666666666666,0,0
0,RE1,L2,causalrca,e_diagnosis,3,0.25066666666666665,0,0
0,RE1,L2,causalrca,max_z,3,-0.248,1,1
0,RE1,L2,causalrca,rcd,3,-0.03022222222222226,2,0
0,RE1,L2,cd1min,circa,3,0.07733333333333335,1,0
0,RE1,L2,cd1min,e_diagnosis,3,0.5866666666666667,0,0
0,RE1,L2,cd1min,max_z,3,0.08800000000000001,1,1
0,RE1,L2,cd1min,rcd,3,0.30577777777777776,0,0
0,RE1,L2,circa,e_diagnosis,3,0.5093333333333334,0,0
0,RE1,L2,circa,max_z,3,0.010666666666666666,2,0
0,RE1,L2,circa,rcd,3,0.22844444444444445,0,0
0,RE1,L2,e_diagnosis,max_z,3,-0.49866666666666665,0,0
0,RE1,L2,e_diagnosis,rcd,3,-0.28088888888888885,0,0
0,RE1,L2,max_z,rcd,3,0.21777777777777776,1,0
0,openrca,L1,baro,e_diagnosis,4,0.08575914404223225,0,0
0,openrca,L1,baro,rcd,4,0.026835851648351623,1,0
0,openrca,L1,e_diagnosis,rcd,4,-0.0589232923938806,0,0
0,openrca,L2,alertcount,baro,4,0.0620352698771816,0,0
0,openrca,L2,alertcount,cd1min,4,0.01827110267183795,1,0
0,openrca,L2,alertcount,e_diagnosis,4,0.1477944139194139,0,0
0,openrca,L2,alertcount,max_z,4,0.0087762739711269,2,0
0,openrca,L2,alertcount,rcd,4,0.08887112152553325,0,0
0,openrca,L2,baro,cd1min,4,-0.04376416720534365,1,0
0,openrca,L2,baro,e_diagnosis,4,0.08575914404223225,0,0
0,openrca,L2,baro,max_z,4,-0.05325899590605469,1,0
0,openrca,L2,baro,rcd,4,0.026835851648351623,1,0
0,openrca,L2,cd1min,e_diagnosis,4,0.1295233112475759,0,0
0,openrca,L2,cd1min,max_z,4,-0.009494828700711049,2,0
0,openrca,L2,cd1min,rcd,4,0.0706000188536953,1,0
0,openrca,L2,e_diagnosis,max_z,4,-0.13901813994828696,0,0
0,openrca,L2,e_diagnosis,rcd,4,-0.0589232923938806,0,0
0,openrca,L2,max_z,rcd,4,0.08009484755440635,0,0
0,petshop,L1,baro,circa,4,-0.2427884615384615,0,0
0,petshop,L1,baro,counterfactual_attribution,4,-0.00721153846153845,1,0
0,petshop,L1,baro,epsilon_diagnosis,4,0.1706730769230769,0,0
0,petshop,L1,baro,rcd,4,-0.13461538461538464,1,1
0,petshop,L1,circa,counterfactual_attribution,4,0.23557692307692307,1,0
0,petshop,L1,circa,epsilon_diagnosis,4,0.41346153846153844,0,0
0,petshop,L1,circa,rcd,4,0.1081730769230769,1,0
0,petshop,L1,counterfactual_attribution,epsilon_diagnosis,4,0.17788461538461536,0,0
0,petshop,L1,counterfactual_attribution,rcd,4,-0.12740384615384615,1,1
0,petshop,L1,epsilon_diagnosis,rcd,4,-0.3052884615384615,0,0
0,petshop,L2,alertcount,baro,4,-0.1298076923076923,0,0
0,petshop,L2,alertcount,baseline,4,-0.5432692307692307,0,0
0,petshop,L2,alertcount,cd1min,4,0.0,0,0
0,petshop,L2,alertcount,circa,4,-0.37259615384615385,0,0
0,petshop,L2,alertcount,counterfactual_attribution,4,-0.13701923076923075,0,0
0,petshop,L2,alertcount,epsilon_diagnosis,4,0.0408653846153846,0,0
0,petshop,L2,alertcount,max_z,4,-0.18269230769230768,0,0
0,petshop,L2,alertcount,random_walk,4,0.0408653846153846,1,0
0,petshop,L2,alertcount,ranked_correlation,4,-0.5673076923076923,0,0
0,petshop,L2,alertcount,rcd,4,-0.2644230769230769,1,0
0,petshop,L2,baro,baseline,4,-0.41346153846153844,0,0
0,petshop,L2,baro,cd1min,4,0.1298076923076923,0,0
0,petshop,L2,baro,circa,4,-0.2427884615384615,0,0
0,petshop,L2,baro,counterfactual_attribution,4,-0.00721153846153845,1,0
0,petshop,L2,baro,epsilon_diagnosis,4,0.1706730769230769,0,0
0,petshop,L2,baro,max_z,4,-0.05288461538461538,1,0
0,petshop,L2,baro,random_walk,4,0.1706730769230769,0,0
0,petshop,L2,baro,ranked_correlation,4,-0.4375,0,0
0,petshop,L2,baro,rcd,4,-0.13461538461538464,1,1
0,petshop,L2,baseline,cd1min,4,0.5432692307692307,0,0
0,petshop,L2,baseline,circa,4,0.1706730769230769,0,0
0,petshop,L2,baseline,counterfactual_attribution,4,0.40625,0,0
0,petshop,L2,baseline,epsilon_diagnosis,4,0.5841346153846154,0,0
0,petshop,L2,baseline,max_z,4,0.3605769230769231,0,0
0,petshop,L2,baseline,random_walk,4,0.5841346153846154,0,0
0,petshop,L2,baseline,ranked_correlation,4,-0.024038461538461522,1,1
0,petshop,L2,baseline,rcd,4,0.27884615384615385,0,0
0,petshop,L2,cd1min,circa,4,-0.37259615384615385,0,0
0,petshop,L2,cd1min,counterfactual_attribution,4,-0.13701923076923075,0,0
0,petshop,L2,cd1min,epsilon_diagnosis,4,0.0408653846153846,0,0
0,petshop,L2,cd1min,max_z,4,-0.18269230769230768,0,0
0,petshop,L2,cd1min,random_walk,4,0.0408653846153846,0,0
0,petshop,L2,cd1min,ranked_correlation,4,-0.5673076923076923,0,0
0,petshop,L2,cd1min,rcd,4,-0.2644230769230769,0,0
0,petshop,L2,circa,counterfactual_attribution,4,0.23557692307692307,1,0
0,petshop,L2,circa,epsilon_diagnosis,4,0.41346153846153844,0,0
0,petshop,L2,circa,max_z,4,0.18990384615384615,0,0
0,petshop,L2,circa,random_walk,4,0.41346153846153844,0,0
0,petshop,L2,circa,ranked_correlation,4,-0.19471153846153844,1,0
0,petshop,L2,circa,rcd,4,0.1081730769230769,1,0
0,petshop,L2,counterfactual_attribution,epsilon_diagnosis,4,0.17788461538461536,0,0
0,petshop,L2,counterfactual_attribution,max_z,4,-0.04567307692307693,1,1
0,petshop,L2,counterfactual_attribution,random_walk,4,0.17788461538461536,0,0
0,petshop,L2,counterfactual_attribution,ranked_correlation,4,-0.43028846153846156,0,0
0,petshop,L2,counterfactual_attribution,rcd,4,-0.12740384615384615,1,1
0,petshop,L2,epsilon_diagnosis,max_z,4,-0.2235576923076923,0,0
0,petshop,L2,epsilon_diagnosis,random_walk,4,0.0,0,0
0,petshop,L2,epsilon_diagnosis,ranked_correlation,4,-0.6081730769230769,0,0
0,petshop,L2,epsilon_diagnosis,rcd,4,-0.3052884615384615,0,0
0,petshop,L2,max_z,random_walk,4,0.2235576923076923,0,0
0,petshop,L2,max_z,ranked_correlation,4,-0.3846153846153846,0,0
0,petshop,L2,max_z,rcd,4,-0.08173076923076922,1,0
0,petshop,L2,random_walk,ranked_correlation,4,-0.6081730769230769,0,0
0,petshop,L2,random_walk,rcd,4,-0.3052884615384615,0,0
0,petshop,L2,ranked_correlation,rcd,4,0.30288461538461536,0,0
25,RE1,L1,baro,causalrca,3,0.4053333333333333,0,0
25,RE1,L1,baro,circa,3,0.14666666666666667,0,0
25,RE1,L1,baro,e_diagnosis,3,0.656,0,0
25,RE1,L1,baro,rcd,3,0.3751111111111111,0,0
25,RE1,L1,causalrca,circa,3,-0.25866666666666666,0,0
25,RE1,L1,causalrca,e_diagnosis,3,0.25066666666666665,0,0
25,RE1,L1,causalrca,rcd,3,-0.03022222222222226,2,0
25,RE1,L1,circa,e_diagnosis,3,0.5093333333333334,0,0
25,RE1,L1,circa,rcd,3,0.22844444444444445,0,0
25,RE1,L1,e_diagnosis,rcd,3,-0.28088888888888885,0,0
25,RE1,L2,alertcount,baro,3,-0.4426666666666666,0,0
25,RE1,L2,alertcount,causalrca,3,-0.037333333333333295,1,1
25,RE1,L2,alertcount,cd1min,3,-0.37333333333333335,0,0
25,RE1,L2,alertcount,circa,3,-0.29600000000000004,0,0
25,RE1,L2,alertcount,e_diagnosis,3,0.21333333333333335,0,0
25,RE1,L2,alertcount,max_z,3,-0.2853333333333333,0,0
25,RE1,L2,alertcount,rcd,3,-0.0675555555555555,0,0
25,RE1,L2,baro,causalrca,3,0.4053333333333333,0,0
25,RE1,L2,baro,cd1min,3,0.06933333333333334,1,1
25,RE1,L2,baro,circa,3,0.14666666666666667,0,0
25,RE1,L2,baro,e_diagnosis,3,0.656,0,0
25,RE1,L2,baro,max_z,3,0.15733333333333335,0,0
25,RE1,L2,baro,rcd,3,0.3751111111111111,0,0
25,RE1,L2,causalrca,cd1min,3,-0.336,0,0
25,RE1,L2,causalrca,circa,3,-0.25866666666666666,0,0
25,RE1,L2,causalrca,e_diagnosis,3,0.25066666666666665,0,0
25,RE1,L2,causalrca,max_z,3,-0.248,1,1
25,RE1,L2,causalrca,rcd,3,-0.03022222222222226,2,0
25,RE1,L2,cd1min,circa,3,0.07733333333333335,1,0
25,RE1,L2,cd1min,e_diagnosis,3,0.5866666666666667,0,0
25,RE1,L2,cd1min,max_z,3,0.08800000000000001,1,1
25,RE1,L2,cd1min,rcd,3,0.30577777777777776,0,0
25,RE1,L2,circa,e_diagnosis,3,0.5093333333333334,0,0
25,RE1,L2,circa,max_z,3,0.010666666666666666,2,0
25,RE1,L2,circa,rcd,3,0.22844444444444445,0,0
25,RE1,L2,e_diagnosis,max_z,3,-0.49866666666666665,0,0
25,RE1,L2,e_diagnosis,rcd,3,-0.28088888888888885,0,0
25,RE1,L2,max_z,rcd,3,0.21777777777777776,1,0
25,openrca,L1,baro,e_diagnosis,4,0.08575914404223225,0,0
25,openrca,L1,baro,rcd,4,0.026835851648351623,1,0
25,openrca,L1,e_diagnosis,rcd,4,-0.0589232923938806,0,0
25,openrca,L2,alertcount,baro,4,0.0620352698771816,0,0
25,openrca,L2,alertcount,cd1min,4,0.01827110267183795,1,0
25,openrca,L2,alertcount,e_diagnosis,4,0.1477944139194139,0,0
25,openrca,L2,alertcount,max_z,4,0.0087762739711269,2,0
25,openrca,L2,alertcount,rcd,4,0.08887112152553325,0,0
25,openrca,L2,baro,cd1min,4,-0.04376416720534365,1,0
25,openrca,L2,baro,e_diagnosis,4,0.08575914404223225,0,0
25,openrca,L2,baro,max_z,4,-0.05325899590605469,1,0
25,openrca,L2,baro,rcd,4,0.026835851648351623,1,0
25,openrca,L2,cd1min,e_diagnosis,4,0.1295233112475759,0,0
25,openrca,L2,cd1min,max_z,4,-0.009494828700711049,2,0
25,openrca,L2,cd1min,rcd,4,0.0706000188536953,1,0
25,openrca,L2,e_diagnosis,max_z,4,-0.13901813994828696,0,0
25,openrca,L2,e_diagnosis,rcd,4,-0.0589232923938806,0,0
25,openrca,L2,max_z,rcd,4,0.08009484755440635,0,0
25,petshop,L1,baro,circa,2,-0.173076923076923,0,0
25,petshop,L1,baro,counterfactual_attribution,2,-0.0769230769230769,0,0
25,petshop,L1,baro,epsilon_diagnosis,2,0.1538461538461538,0,0
25,petshop,L1,baro,rcd,2,-0.019230769230769246,1,1
25,petshop,L1,circa,counterfactual_attribution,2,0.09615384615384615,1,0
25,petshop,L1,circa,epsilon_diagnosis,2,0.32692307692307687,0,0
25,petshop,L1,circa,rcd,2,0.1538461538461538,0,0
25,petshop,L1,counterfactual_attribution,epsilon_diagnosis,2,0.23076923076923075,0,0
25,petshop,L1,counterfactual_attribution,rcd,2,0.05769230769230771,1,0
25,petshop,L1,epsilon_diagnosis,rcd,2,-0.17307692307692304,0,0
25,petshop,L2,alertcount,baro,2,-0.13461538461538455,0,0
25,petshop,L2,alertcount,baseline,2,-0.46153846153846145,0,0
25,petshop,L2,alertcount,cd1min,2,0.0,0,0
25,petshop,L2,alertcount,circa,2,-0.30769230769230765,0,0
25,petshop,L2,alertcount,counterfactual_attribution,2,-0.2115384615384615,0,0
25,petshop,L2,alertcount,epsilon_diagnosis,2,0.0192307692307692,0,0
25,petshop,L2,alertcount,max_z,2,-0.11538461538461535,0,0
25,petshop,L2,alertcount,random_walk,2,0.0192307692307692,0,0
25,petshop,L2,alertcount,ranked_correlation,2,-0.6346153846153846,0,0
25,petshop,L2,alertcount,rcd,2,-0.15384615384615385,1,0
25,petshop,L2,baro,baseline,2,-0.32692307692307687,0,0
25,petshop,L2,baro,cd1min,2,0.13461538461538455,0,0
25,petshop,L2,baro,circa,2,-0.173076923076923,0,0
25,petshop,L2,baro,counterfactual_attribution,2,-0.0769230769230769,0,0
25,petshop,L2,baro,epsilon_diagnosis,2,0.1538461538461538,0,0
25,petshop,L2,baro,max_z,2,0.01923076923076925,1,0
25,petshop,L2,baro,random_walk,2,0.1538461538461538,0,0
25,petshop,L2,baro,ranked_correlation,2,-0.5,0,0
25,petshop,L2,baro,rcd,2,-0.019230769230769246,1,1
25,petshop,L2,baseline,cd1min,2,0.4615384615384615,0,0
25,petshop,L2,baseline,circa,2,0.1538461538461538,0,0
25,petshop,L2,baseline,counterfactual_attribution,2,0.25,0,0
25,petshop,L2,baseline,epsilon_diagnosis,2,0.4807692307692307,0,0
25,petshop,L2,baseline,max_z,2,0.34615384615384615,0,0
25,petshop,L2,baseline,random_walk,2,0.4807692307692307,0,0
25,petshop,L2,baseline,ranked_correlation,2,-0.17307692307692304,0,0
25,petshop,L2,baseline,rcd,2,0.30769230769230765,0,0
25,petshop,L2,cd1min,circa,2,-0.30769230769230765,0,0
25,petshop,L2,cd1min,counterfactual_attribution,2,-0.2115384615384615,0,0
25,petshop,L2,cd1min,epsilon_diagnosis,2,0.0192307692307692,0,0
25,petshop,L2,cd1min,max_z,2,-0.11538461538461535,0,0
25,petshop,L2,cd1min,random_walk,2,0.0192307692307692,0,0
25,petshop,L2,cd1min,ranked_correlation,2,-0.6346153846153846,0,0
25,petshop,L2,cd1min,rcd,2,-0.15384615384615385,0,0
25,petshop,L2,circa,counterfactual_attribution,2,0.09615384615384615,1,0
25,petshop,L2,circa,epsilon_diagnosis,2,0.32692307692307687,0,0
25,petshop,L2,circa,max_z,2,0.1923076923076923,0,0
25,petshop,L2,circa,random_walk,2,0.32692307692307687,0,0
25,petshop,L2,circa,ranked_correlation,2,-0.32692307692307687,0,0
25,petshop,L2,circa,rcd,2,0.1538461538461538,0,0
25,petshop,L2,counterfactual_attribution,epsilon_diagnosis,2,0.23076923076923075,0,0
25,petshop,L2,counterfactual_attribution,max_z,2,0.09615384615384615,1,0
25,petshop,L2,counterfactual_attribution,random_walk,2,0.23076923076923075,0,0
25,petshop,L2,counterfactual_attribution,ranked_correlation,2,-0.4230769230769231,0,0
25,petshop,L2,counterfactual_attribution,rcd,2,0.05769230769230771,1,0
25,petshop,L2,epsilon_diagnosis,max_z,2,-0.13461538461538458,0,0
25,petshop,L2,epsilon_diagnosis,random_walk,2,0.0,0,0
25,petshop,L2,epsilon_diagnosis,ranked_correlation,2,-0.6538461538461537,0,0
25,petshop,L2,epsilon_diagnosis,rcd,2,-0.17307692307692304,0,0
25,petshop,L2,max_z,random_walk,2,0.13461538461538458,0,0
25,petshop,L2,max_z,ranked_correlation,2,-0.5192307692307692,0,0
25,petshop,L2,max_z,rcd,2,-0.03846153846153845,1,0
25,petshop,L2,random_walk,ranked_correlation,2,-0.6538461538461537,0,0
25,petshop,L2,random_walk,rcd,2,-0.17307692307692304,0,0
25,petshop,L2,ranked_correlation,rcd,2,0.4807692307692307,0,0
50,RE1,L1,baro,causalrca,3,0.4053333333333333,0,0
50,RE1,L1,baro,circa,3,0.14666666666666667,0,0
50,RE1,L1,baro,e_diagnosis,3,0.656,0,0
50,RE1,L1,baro,rcd,3,0.3751111111111111,0,0
50,RE1,L1,causalrca,circa,3,-0.25866666666666666,0,0
50,RE1,L1,causalrca,e_diagnosis,3,0.25066666666666665,0,0
50,RE1,L1,causalrca,rcd,3,-0.03022222222222226,2,0
50,RE1,L1,circa,e_diagnosis,3,0.5093333333333334,0,0
50,RE1,L1,circa,rcd,3,0.22844444444444445,0,0
50,RE1,L1,e_diagnosis,rcd,3,-0.28088888888888885,0,0
50,RE1,L2,alertcount,baro,3,-0.4426666666666666,0,0
50,RE1,L2,alertcount,causalrca,3,-0.037333333333333295,1,1
50,RE1,L2,alertcount,cd1min,3,-0.37333333333333335,0,0
50,RE1,L2,alertcount,circa,3,-0.29600000000000004,0,0
50,RE1,L2,alertcount,e_diagnosis,3,0.21333333333333335,0,0
50,RE1,L2,alertcount,max_z,3,-0.2853333333333333,0,0
50,RE1,L2,alertcount,rcd,3,-0.0675555555555555,0,0
50,RE1,L2,baro,causalrca,3,0.4053333333333333,0,0
50,RE1,L2,baro,cd1min,3,0.06933333333333334,1,1
50,RE1,L2,baro,circa,3,0.14666666666666667,0,0
50,RE1,L2,baro,e_diagnosis,3,0.656,0,0
50,RE1,L2,baro,max_z,3,0.15733333333333335,0,0
50,RE1,L2,baro,rcd,3,0.3751111111111111,0,0
50,RE1,L2,causalrca,cd1min,3,-0.336,0,0
50,RE1,L2,causalrca,circa,3,-0.25866666666666666,0,0
50,RE1,L2,causalrca,e_diagnosis,3,0.25066666666666665,0,0
50,RE1,L2,causalrca,max_z,3,-0.248,1,1
50,RE1,L2,causalrca,rcd,3,-0.03022222222222226,2,0
50,RE1,L2,cd1min,circa,3,0.07733333333333335,1,0
50,RE1,L2,cd1min,e_diagnosis,3,0.5866666666666667,0,0
50,RE1,L2,cd1min,max_z,3,0.08800000000000001,1,1
50,RE1,L2,cd1min,rcd,3,0.30577777777777776,0,0
50,RE1,L2,circa,e_diagnosis,3,0.5093333333333334,0,0
50,RE1,L2,circa,max_z,3,0.010666666666666666,2,0
50,RE1,L2,circa,rcd,3,0.22844444444444445,0,0
50,RE1,L2,e_diagnosis,max_z,3,-0.49866666666666665,0,0
50,RE1,L2,e_diagnosis,rcd,3,-0.28088888888888885,0,0
50,RE1,L2,max_z,rcd,3,0.21777777777777776,1,0
50,openrca,L1,baro,e_diagnosis,4,0.08575914404223225,0,0
50,openrca,L1,baro,rcd,4,0.026835851648351623,1,0
50,openrca,L1,e_diagnosis,rcd,4,-0.0589232923938806,0,0
50,openrca,L2,alertcount,baro,4,0.0620352698771816,0,0
50,openrca,L2,alertcount,cd1min,4,0.01827110267183795,1,0
50,openrca,L2,alertcount,e_diagnosis,4,0.1477944139194139,0,0
50,openrca,L2,alertcount,max_z,4,0.0087762739711269,2,0
50,openrca,L2,alertcount,rcd,4,0.08887112152553325,0,0
50,openrca,L2,baro,cd1min,4,-0.04376416720534365,1,0
50,openrca,L2,baro,e_diagnosis,4,0.08575914404223225,0,0
50,openrca,L2,baro,max_z,4,-0.05325899590605469,1,0
50,openrca,L2,baro,rcd,4,0.026835851648351623,1,0
50,openrca,L2,cd1min,e_diagnosis,4,0.1295233112475759,0,0
50,openrca,L2,cd1min,max_z,4,-0.009494828700711049,2,0
50,openrca,L2,cd1min,rcd,4,0.0706000188536953,1,0
50,openrca,L2,e_diagnosis,max_z,4,-0.13901813994828696,0,0
50,openrca,L2,e_diagnosis,rcd,4,-0.0589232923938806,0,0
50,openrca,L2,max_z,rcd,4,0.08009484755440635,0,0
