factor,family,layer,a,b,sub,n,acc_a_ref,acc_b_ref,delta_ref,lo_ref,hi_ref,acc_a_alt,acc_b_alt,delta_alt,lo_alt,hi_alt,pooled_ref,rev_ref,rev_ci_ref,pooled_alt,rev_alt,rev_ci_alt,sign_change
input_representation,RE1,L1,baro,circa,RE1::OB,125,0.736,0.672,0.064,-0.032,0.16,0.736,0.672,0.064,-0.032,0.16,0.14666666666666667,False,False,0.06133333333333332,False,False,False
input_representation,RE1,L1,baro,circa,RE1::SS,125,0.848,0.704,0.144,0.064,0.232,0.2,0.2,0.0,-0.104,0.104,0.14666666666666667,False,False,0.06133333333333332,False,False,True
input_representation,RE1,L1,baro,circa,RE1::TT,125,0.56,0.328,0.232,0.136,0.328,0.12,0.0,0.12,0.064,0.176,0.14666666666666667,False,False,0.06133333333333332,False,False,False
input_representation,RE1,L1,baro,e_diagnosis,RE1::OB,125,0.736,0.032,0.704,0.624,0.784,0.736,0.032,0.704,0.624,0.784,0.6559999999999999,False,False,0.28533333333333327,False,False,False
input_representation,RE1,L1,baro,e_diagnosis,RE1::SS,125,0.848,0.144,0.704,0.616,0.784,0.2,0.168,0.032,-0.072,0.136,0.6559999999999999,False,False,0.28533333333333327,False,False,False
input_representation,RE1,L1,baro,e_diagnosis,RE1::TT,125,0.56,0.0,0.56,0.472,0.64,0.12,0.0,0.12,0.064,0.176,0.6559999999999999,False,False,0.28533333333333327,False,False,False
input_representation,RE1,L1,baro,rcd,RE1::OB,125,0.736,0.5413333333333334,0.19466666666666665,0.09866666666666668,0.288,0.736,0.5413333333333334,0.19466666666666665,0.09866666666666668,0.288,0.37511111111111106,False,False,0.042666666666666665,False,False,False
input_representation,RE1,L1,baro,rcd,RE1::SS,125,0.848,0.3893333333333333,0.45866666666666667,0.3546666666666667,0.56,0.2,0.296,-0.096,-0.19999999999999998,0.013333333333333334,0.37511111111111106,False,False,0.042666666666666665,True,False,True
input_representation,RE1,L1,baro,rcd,RE1::TT,125,0.56,0.088,0.472,0.3813333333333333,0.56,0.12,0.09066666666666666,0.029333333333333343,-0.04533333333333333,0.10400000000000001,0.37511111111111106,False,False,0.042666666666666665,False,False,False
input_representation,RE1,L1,circa,e_diagnosis,RE1::OB,125,0.672,0.032,0.64,0.552,0.72,0.672,0.032,0.64,0.552,0.72,0.5093333333333334,False,False,0.22399999999999998,False,False,False
input_representation,RE1,L1,circa,e_diagnosis,RE1::SS,125,0.704,0.144,0.56,0.464,0.648,0.2,0.168,0.032,-0.064,0.136,0.5093333333333334,False,False,0.22399999999999998,False,False,False
input_representation,RE1,L1,circa,e_diagnosis,RE1::TT,125,0.328,0.0,0.328,0.248,0.408,0.0,0.0,0.0,0.0,0.0,0.5093333333333334,False,False,0.22399999999999998,False,False,True
input_representation,RE1,L1,circa,rcd,RE1::OB,125,0.672,0.5413333333333334,0.13066666666666665,0.02133333333333335,0.23733333333333334,0.672,0.5413333333333334,0.13066666666666665,0.02133333333333335,0.23733333333333334,0.22844444444444442,False,False,-0.01866666666666667,True,True,False
input_representation,RE1,L1,circa,rcd,RE1::SS,125,0.704,0.3893333333333333,0.3146666666666667,0.19466666666666665,0.432,0.2,0.296,-0.096,-0.184,-0.005333333333333322,0.22844444444444442,False,False,-0.01866666666666667,False,False,True
input_representation,RE1,L1,circa,rcd,RE1::TT,125,0.328,0.088,0.24,0.14933333333333335,0.328,0.0,0.09066666666666666,-0.09066666666666666,-0.13866666666666666,-0.048,0.22844444444444442,False,False,-0.01866666666666667,False,False,True
input_representation,RE1,L1,e_diagnosis,rcd,RE1::OB,125,0.032,0.5413333333333334,-0.5093333333333333,-0.5946666666666666,-0.42400000000000004,0.032,0.5413333333333334,-0.5093333333333333,-0.5946666666666666,-0.42400000000000004,-0.28088888888888885,False,False,-0.24266666666666664,False,False,False
input_representation,RE1,L1,e_diagnosis,rcd,RE1::SS,125,0.144,0.3893333333333333,-0.24533333333333332,-0.3519999999999999,-0.14133333333333334,0.168,0.296,-0.128,-0.2293333333333333,-0.023999999999999994,-0.28088888888888885,False,False,-0.24266666666666664,False,False,False
input_representation,RE1,L1,e_diagnosis,rcd,RE1::TT,125,0.0,0.088,-0.088,-0.13599999999999998,-0.048,0.0,0.09066666666666666,-0.09066666666666666,-0.13866666666666666,-0.048,-0.28088888888888885,False,False,-0.24266666666666664,False,False,False
input_representation,RE1,L2,alertcount,baro,RE1::OB,125,0.392,0.736,-0.344,-0.44,-0.2478000000000029,0.392,0.736,-0.344,-0.44,-0.2478000000000029,-0.44266666666666665,False,False,-0.013333333333333319,False,False,False
input_representation,RE1,L2,alertcount,baro,RE1::SS,125,0.376,0.848,-0.472,-0.576,-0.36,0.432,0.2,0.232,0.12,0.344,-0.44266666666666665,False,False,-0.013333333333333319,True,True,True
input_representation,RE1,L2,alertcount,baro,RE1::TT,125,0.048,0.56,-0.512,-0.608,-0.408,0.192,0.12,0.072,-0.016,0.16,-0.44266666666666665,False,False,-0.013333333333333319,True,False,True
input_representation,RE1,L2,alertcount,cd1min,RE1::OB,125,0.392,0.728,-0.336,-0.448,-0.224,0.392,0.728,-0.336,-0.448,-0.224,-0.3733333333333333,False,False,-0.30133333333333334,False,False,False
input_representation,RE1,L2,alertcount,cd1min,RE1::SS,125,0.376,0.928,-0.552,-0.648,-0.448,0.432,0.736,-0.304,-0.424,-0.176,-0.3733333333333333,False,False,-0.30133333333333334,False,False,False
input_representation,RE1,L2,alertcount,cd1min,RE1::TT,125,0.048,0.28,-0.232,-0.328,-0.144,0.192,0.456,-0.264,-0.368,-0.16,-0.3733333333333333,False,False,-0.30133333333333334,False,False,False
input_representation,RE1,L2,alertcount,circa,RE1::OB,125,0.392,0.672,-0.28,-0.392,-0.176,0.392,0.672,-0.28,-0.392,-0.176,-0.296,False,False,0.048,True,True,False
input_representation,RE1,L2,alertcount,circa,RE1::SS,125,0.376,0.704,-0.328,-0.448,-0.208,0.432,0.2,0.232,0.136,0.328,-0.296,False,False,0.048,False,False,True
input_representation,RE1,L2,alertcount,circa,RE1::TT,125,0.048,0.328,-0.28,-0.368,-0.192,0.192,0.0,0.192,0.128,0.264,-0.296,False,False,0.048,False,False,True
input_representation,RE1,L2,alertcount,e_diagnosis,RE1::OB,125,0.392,0.032,0.36,0.272,0.448,0.392,0.032,0.36,0.272,0.448,0.21333333333333332,False,False,0.272,False,False,False
input_representation,RE1,L2,alertcount,e_diagnosis,RE1::SS,125,0.376,0.144,0.232,0.12,0.344,0.432,0.168,0.264,0.16,0.368,0.21333333333333332,False,False,0.272,False,False,False
input_representation,RE1,L2,alertcount,e_diagnosis,RE1::TT,125,0.048,0.0,0.048,0.016,0.088,0.192,0.0,0.192,0.128,0.264,0.21333333333333332,False,False,0.272,False,False,False
input_representation,RE1,L2,alertcount,max_z,RE1::OB,125,0.392,0.504,-0.112,-0.224,0.0,0.392,0.504,-0.112,-0.224,0.0,-0.2853333333333333,False,False,-0.18133333333333332,False,False,False
input_representation,RE1,L2,alertcount,max_z,RE1::SS,125,0.376,0.744,-0.368,-0.488,-0.248,0.432,0.608,-0.176,-0.304,-0.048,-0.2853333333333333,False,False,-0.18133333333333332,False,False,False
input_representation,RE1,L2,alertcount,max_z,RE1::TT,125,0.048,0.424,-0.376,-0.472,-0.28,0.192,0.448,-0.256,-0.36,-0.152,-0.2853333333333333,False,False,-0.18133333333333332,False,False,False
input_representation,RE1,L2,alertcount,rcd,RE1::OB,125,0.392,0.5413333333333334,-0.14933333333333335,-0.25333333333333335,-0.04533333333333332,0.392,0.5413333333333334,-0.14933333333333335,-0.25333333333333335,-0.04533333333333332,-0.06755555555555556,False,False,0.02933333333333333,True,True,False
input_representation,RE1,L2,alertcount,rcd,RE1::SS,125,0.376,0.3893333333333333,-0.013333333333333327,-0.12799999999999997,0.10400000000000001,0.432,0.296,0.136,0.02933333333333334,0.24533333333333338,-0.06755555555555556,False,False,0.02933333333333333,False,False,True
input_representation,RE1,L2,alertcount,rcd,RE1::TT,125,0.048,0.088,-0.03999999999999999,-0.096,0.016,0.192,0.09066666666666666,0.10133333333333333,0.021333333333333353,0.1786666666666667,-0.06755555555555556,False,False,0.02933333333333333,False,False,True
input_representation,RE1,L2,baro,cd1min,RE1::OB,125,0.736,0.728,0.008,-0.08,0.096,0.736,0.728,0.008,-0.08,0.096,0.06933333333333334,False,False,-0.288,True,False,False
input_representation,RE1,L2,baro,cd1min,RE1::SS,125,0.848,0.928,-0.08,-0.136,-0.024,0.2,0.736,-0.536,-0.632,-0.432,0.06933333333333334,True,True,-0.288,False,False,False
input_representation,RE1,L2,baro,cd1min,RE1::TT,125,0.56,0.28,0.28,0.16,0.392,0.12,0.456,-0.336,-0.432,-0.24,0.06933333333333334,False,False,-0.288,False,False,True
input_representation,RE1,L2,baro,circa,RE1::OB,125,0.736,0.672,0.064,-0.032,0.16,0.736,0.672,0.064,-0.032,0.16,0.14666666666666667,False,False,0.06133333333333332,False,False,False
input_representation,RE1,L2,baro,circa,RE1::SS,125,0.848,0.704,0.144,0.064,0.232,0.2,0.2,0.0,-0.104,0.104,0.14666666666666667,False,False,0.06133333333333332,False,False,True
input_representation,RE1,L2,baro,circa,RE1::TT,125,0.56,0.328,0.232,0.136,0.328,0.12,0.0,0.12,0.064,0.176,0.14666666666666667,False,False,0.06133333333333332,False,False,False
input_representation,RE1,L2,baro,e_diagnosis,RE1::OB,125,0.736,0.032,0.704,0.624,0.784,0.736,0.032,0.704,0.624,0.784,0.6559999999999999,False,False,0.28533333333333327,False,False,False
input_representation,RE1,L2,baro,e_diagnosis,RE1::SS,125,0.848,0.144,0.704,0.616,0.784,0.2,0.168,0.032,-0.072,0.136,0.6559999999999999,False,False,0.28533333333333327,False,False,False
input_representation,RE1,L2,baro,e_diagnosis,RE1::TT,125,0.56,0.0,0.56,0.472,0.64,0.12,0.0,0.12,0.064,0.176,0.6559999999999999,False,False,0.28533333333333327,False,False,False
input_representation,RE1,L2,baro,max_z,RE1::OB,125,0.736,0.504,0.232,0.136,0.328,0.736,0.504,0.232,0.136,0.328,0.15733333333333333,False,False,-0.16799999999999998,True,True,False
input_representation,RE1,L2,baro,max_z,RE1::SS,125,0.848,0.744,0.104,0.032,0.176,0.2,0.608,-0.408,-0.5121999999999999,-0.296,0.15733333333333333,False,False,-0.16799999999999998,False,False,True
input_representation,RE1,L2,baro,max_z,RE1::TT,125,0.56,0.424,0.136,0.048,0.224,0.12,0.448,-0.328,-0.424,-0.232,0.15733333333333333,False,False,-0.16799999999999998,False,False,True
input_representation,RE1,L2,baro,rcd,RE1::OB,125,0.736,0.5413333333333334,0.19466666666666665,0.09866666666666668,0.288,0.736,0.5413333333333334,0.19466666666666665,0.09866666666666668,0.288,0.37511111111111106,False,False,0.042666666666666665,False,False,False
input_representation,RE1,L2,baro,rcd,RE1::SS,125,0.848,0.3893333333333333,0.45866666666666667,0.3546666666666667,0.56,0.2,0.296,-0.096,-0.19999999999999998,0.013333333333333334,0.37511111111111106,False,False,0.042666666666666665,True,False,True
input_representation,RE1,L2,baro,rcd,RE1::TT,125,0.56,0.088,0.472,0.3813333333333333,0.56,0.12,0.09066666666666666,0.029333333333333343,-0.04533333333333333,0.10400000000000001,0.37511111111111106,False,False,0.042666666666666665,False,False,False
input_representation,RE1,L2,cd1min,circa,RE1::OB,125,0.728,0.672,0.056,-0.04,0.152,0.728,0.672,0.056,-0.04,0.152,0.07733333333333332,False,False,0.34933333333333333,False,False,False
input_representation,RE1,L2,cd1min,circa,RE1::SS,125,0.928,0.704,0.224,0.144,0.304,0.736,0.2,0.536,0.424,0.64,0.07733333333333332,False,False,0.34933333333333333,False,False,False
input_representation,RE1,L2,cd1min,circa,RE1::TT,125,0.28,0.328,-0.048,-0.16,0.072,0.456,0.0,0.456,0.368,0.544,0.07733333333333332,True,False,0.34933333333333333,False,False,True
input_representation,RE1,L2,cd1min,e_diagnosis,RE1::OB,125,0.728,0.032,0.696,0.616,0.776,0.728,0.032,0.696,0.616,0.776,0.5866666666666667,False,False,0.5733333333333333,False,False,False
input_representation,RE1,L2,cd1min,e_diagnosis,RE1::SS,125,0.928,0.144,0.784,0.712,0.856,0.736,0.168,0.568,0.464,0.672,0.5866666666666667,False,False,0.5733333333333333,False,False,False
input_representation,RE1,L2,cd1min,e_diagnosis,RE1::TT,125,0.28,0.0,0.28,0.2,0.36,0.456,0.0,0.456,0.368,0.544,0.5866666666666667,False,False,0.5733333333333333,False,False,False
input_representation,RE1,L2,cd1min,max_z,RE1::OB,125,0.728,0.504,0.224,0.12,0.336,0.728,0.504,0.224,0.12,0.336,0.088,False,False,0.11999999999999998,False,False,False
input_representation,RE1,L2,cd1min,max_z,RE1::SS,125,0.928,0.744,0.184,0.112,0.256,0.736,0.608,0.128,0.04,0.216,0.088,False,False,0.11999999999999998,False,False,False
input_representation,RE1,L2,cd1min,max_z,RE1::TT,125,0.28,0.424,-0.144,-0.248,-0.032,0.456,0.448,0.008,-0.08,0.096,0.088,True,True,0.11999999999999998,False,False,True
input_representation,RE1,L2,cd1min,rcd,RE1::OB,125,0.728,0.5413333333333334,0.18666666666666662,0.08000000000000002,0.29066666666666674,0.728,0.5413333333333334,0.18666666666666662,0.08000000000000002,0.29066666666666674,0.3057777777777778,False,False,0.33066666666666666,False,False,False
input_representation,RE1,L2,cd1min,rcd,RE1::SS,125,0.928,0.3893333333333333,0.5386666666666667,0.448,0.6266666666666667,0.736,0.296,0.44,0.3360000000000001,0.5413333333333332,0.3057777777777778,False,False,0.33066666666666666,False,False,False
input_representation,RE1,L2,cd1min,rcd,RE1::TT,125,0.28,0.088,0.19200000000000003,0.09866666666666665,0.288,0.456,0.09066666666666666,0.3653333333333334,0.26933333333333337,0.4586666666666666,0.3057777777777778,False,False,0.33066666666666666,False,False,False
input_representation,RE1,L2,circa,e_diagnosis,RE1::OB,125,0.672,0.032,0.64,0.552,0.72,0.672,0.032,0.64,0.552,0.72,0.5093333333333334,False,False,0.22399999999999998,False,False,False
input_representation,RE1,L2,circa,e_diagnosis,RE1::SS,125,0.704,0.144,0.56,0.464,0.648,0.2,0.168,0.032,-0.064,0.136,0.5093333333333334,False,False,0.22399999999999998,False,False,False
input_representation,RE1,L2,circa,e_diagnosis,RE1::TT,125,0.328,0.0,0.328,0.248,0.408,0.0,0.0,0.0,0.0,0.0,0.5093333333333334,False,False,0.22399999999999998,False,False,True
input_representation,RE1,L2,circa,max_z,RE1::OB,125,0.672,0.504,0.168,0.064,0.28,0.672,0.504,0.168,0.064,0.28,0.010666666666666672,False,False,-0.2293333333333333,True,True,False
input_representation,RE1,L2,circa,max_z,RE1::SS,125,0.704,0.744,-0.04,-0.144,0.064,0.2,0.608,-0.408,-0.52,-0.288,0.010666666666666672,True,False,-0.2293333333333333,False,False,False
input_representation,RE1,L2,circa,max_z,RE1::TT,125,0.328,0.424,-0.096,-0.192,0.008,0.0,0.448,-0.448,-0.536,-0.36,0.010666666666666672,True,False,-0.2293333333333333,False,False,False
input_representation,RE1,L2,circa,rcd,RE1::OB,125,0.672,0.5413333333333334,0.13066666666666665,0.02133333333333335,0.23733333333333334,0.672,0.5413333333333334,0.13066666666666665,0.02133333333333335,0.23733333333333334,0.22844444444444442,False,False,-0.01866666666666667,True,True,False
input_representation,RE1,L2,circa,rcd,RE1::SS,125,0.704,0.3893333333333333,0.3146666666666667,0.19466666666666665,0.432,0.2,0.296,-0.096,-0.184,-0.005333333333333322,0.22844444444444442,False,False,-0.01866666666666667,False,False,True
input_representation,RE1,L2,circa,rcd,RE1::TT,125,0.328,0.088,0.24,0.14933333333333335,0.328,0.0,0.09066666666666666,-0.09066666666666666,-0.13866666666666666,-0.048,0.22844444444444442,False,False,-0.01866666666666667,False,False,True
input_representation,RE1,L2,e_diagnosis,max_z,RE1::OB,125,0.032,0.504,-0.472,-0.56,-0.376,0.032,0.504,-0.472,-0.56,-0.376,-0.4986666666666666,False,False,-0.4533333333333333,False,False,False
input_representation,RE1,L2,e_diagnosis,max_z,RE1::SS,125,0.144,0.744,-0.6,-0.696,-0.496,0.168,0.608,-0.44,-0.544,-0.336,-0.4986666666666666,False,False,-0.4533333333333333,False,False,False
input_representation,RE1,L2,e_diagnosis,max_z,RE1::TT,125,0.0,0.424,-0.424,-0.512,-0.336,0.0,0.448,-0.448,-0.536,-0.36,-0.4986666666666666,False,False,-0.4533333333333333,False,False,False
input_representation,RE1,L2,e_diagnosis,rcd,RE1::OB,125,0.032,0.5413333333333334,-0.5093333333333333,-0.5946666666666666,-0.42400000000000004,0.032,0.5413333333333334,-0.5093333333333333,-0.5946666666666666,-0.42400000000000004,-0.28088888888888885,False,False,-0.24266666666666664,False,False,False
input_representation,RE1,L2,e_diagnosis,rcd,RE1::SS,125,0.144,0.3893333333333333,-0.24533333333333332,-0.3519999999999999,-0.14133333333333334,0.168,0.296,-0.128,-0.2293333333333333,-0.023999999999999994,-0.28088888888888885,False,False,-0.24266666666666664,False,False,False
input_representation,RE1,L2,e_diagnosis,rcd,RE1::TT,125,0.0,0.088,-0.088,-0.13599999999999998,-0.048,0.0,0.09066666666666666,-0.09066666666666666,-0.13866666666666666,-0.048,-0.28088888888888885,False,False,-0.24266666666666664,False,False,False
input_representation,RE1,L2,max_z,rcd,RE1::OB,125,0.504,0.5413333333333334,-0.03733333333333333,-0.15199999999999997,0.072,0.504,0.5413333333333334,-0.03733333333333333,-0.15199999999999997,0.072,0.2177777777777778,True,False,0.21066666666666667,True,False,False
input_representation,RE1,L2,max_z,rcd,RE1::SS,125,0.744,0.3893333333333333,0.3546666666666667,0.25333333333333335,0.45866666666666667,0.608,0.296,0.312,0.19466666666666668,0.42933333333333334,0.2177777777777778,False,False,0.21066666666666667,False,False,False
input_representation,RE1,L2,max_z,rcd,RE1::TT,125,0.424,0.088,0.336,0.2426666666666667,0.4293333333333333,0.448,0.09066666666666666,0.3573333333333334,0.2586666666666667,0.4533333333333333,0.2177777777777778,False,False,0.21066666666666667,False,False,False
input_representation,RE2,L2,alertcount,cd1min,RE2::OB,90,0.2111111111111111,0.7333333333333333,-0.5222222222222223,-0.6444444444444445,-0.3888888888888889,0.28888888888888886,0.4,-0.1111111111111111,-0.24444444444444444,0.022222222222222223,-0.5518518518518518,False,False,-0.08518518518518518,False,False,False
input_representation,RE2,L2,alertcount,cd1min,RE2::SS,90,0.3888888888888889,0.9444444444444444,-0.5555555555555556,-0.6555555555555556,-0.45555555555555555,0.35555555555555557,0.5333333333333333,-0.17777777777777778,-0.3333333333333333,-0.022222222222222223,-0.5518518518518518,False,False,-0.08518518518518518,False,False,False
input_representation,RE2,L2,alertcount,cd1min,RE2::TT,90,0.2111111111111111,0.7888888888888889,-0.5777777777777777,-0.6888888888888889,-0.4666666666666667,0.2777777777777778,0.24444444444444444,0.03333333333333333,-0.08888888888888889,0.15555555555555556,-0.5518518518518518,False,False,-0.08518518518518518,True,False,True
input_representation,RE2,L2,alertcount,max_z,RE2::OB,90,0.2111111111111111,0.7777777777777778,-0.5666666666666667,-0.6888888888888889,-0.43333333333333335,0.28888888888888886,0.5222222222222223,-0.23333333333333334,-0.36666666666666664,-0.1,-0.4074074074074074,False,False,-0.1259259259259259,False,False,False
input_representation,RE2,L2,alertcount,max_z,RE2::SS,90,0.3888888888888889,0.8444444444444444,-0.45555555555555555,-0.5888888888888889,-0.32222222222222224,0.35555555555555557,0.5555555555555556,-0.2,-0.36666666666666664,-0.03333333333333333,-0.4074074074074074,False,False,-0.1259259259259259,False,False,False
input_representation,RE2,L2,alertcount,max_z,RE2::TT,90,0.2111111111111111,0.4111111111111111,-0.2,-0.32222222222222224,-0.06666666666666667,0.2777777777777778,0.2222222222222222,0.05555555555555555,-0.05555555555555555,0.16666666666666666,-0.4074074074074074,False,False,-0.1259259259259259,True,False,True
input_representation,RE2,L2,alertcount,mmbaro,RE2::OB,90,0.2111111111111111,0.16666666666666666,0.044444444444444446,-0.07777777777777778,0.16666666666666666,0.28888888888888886,0.23333333333333334,0.05555555555555555,-0.06666666666666667,0.17777777777777778,-0.037037037037037035,True,False,0.09259259259259259,False,False,False
input_representation,RE2,L2,alertcount,mmbaro,RE2::SS,90,0.3888888888888889,0.06666666666666667,0.32222222222222224,0.2111111111111111,0.43333333333333335,0.35555555555555557,0.26666666666666666,0.08888888888888889,-0.06666666666666667,0.24444444444444444,-0.037037037037037035,True,True,0.09259259259259259,False,False,False
input_representation,RE2,L2,alertcount,mmbaro,RE2::TT,90,0.2111111111111111,0.6888888888888889,-0.4777777777777778,-0.5888888888888889,-0.36666666666666664,0.2777777777777778,0.14444444444444443,0.13333333333333333,0.022222222222222223,0.24444444444444444,-0.037037037037037035,False,False,0.09259259259259259,False,False,True
input_representation,RE2,L2,cd1min,max_z,RE2::OB,90,0.7333333333333333,0.7777777777777778,-0.044444444444444446,-0.12222222222222222,0.03333333333333333,0.4,0.5222222222222223,-0.12222222222222222,-0.2222222222222222,-0.022222222222222223,0.14444444444444443,True,False,-0.040740740740740744,False,False,False
input_representation,RE2,L2,cd1min,max_z,RE2::SS,90,0.9444444444444444,0.8444444444444444,0.1,0.022222222222222223,0.17777777777777778,0.5333333333333333,0.5555555555555556,-0.022222222222222223,-0.1,0.05555555555555555,0.14444444444444443,False,False,-0.040740740740740744,False,False,True
input_representation,RE2,L2,cd1min,max_z,RE2::TT,90,0.7888888888888889,0.4111111111111111,0.37777777777777777,0.25555555555555554,0.5,0.24444444444444444,0.2222222222222222,0.022222222222222223,-0.07777777777777778,0.12222222222222222,0.14444444444444443,False,False,-0.040740740740740744,True,False,False
input_representation,RE2,L2,cd1min,mmbaro,RE2::OB,90,0.7333333333333333,0.16666666666666666,0.5666666666666667,0.45555555555555555,0.6777777777777778,0.4,0.23333333333333334,0.16666666666666666,0.05555555555555555,0.2777777777777778,0.5148148148148148,False,False,0.17777777777777776,False,False,False
input_representation,RE2,L2,cd1min,mmbaro,RE2::SS,90,0.9444444444444444,0.06666666666666667,0.8777777777777778,0.8111111111111111,0.9444444444444444,0.5333333333333333,0.26666666666666666,0.26666666666666666,0.14444444444444443,0.3888888888888889,0.5148148148148148,False,False,0.17777777777777776,False,False,False
input_representation,RE2,L2,cd1min,mmbaro,RE2::TT,90,0.7888888888888889,0.6888888888888889,0.1,-0.011111111111111112,0.2111111111111111,0.24444444444444444,0.14444444444444443,0.1,0.03305555555555581,0.17777777777777778,0.5148148148148148,False,False,0.17777777777777776,False,False,False
input_representation,RE2,L2,max_z,mmbaro,RE2::OB,90,0.7777777777777778,0.16666666666666666,0.6111111111111112,0.5,0.7111111111111111,0.5222222222222223,0.23333333333333334,0.28888888888888886,0.18888888888888888,0.3888888888888889,0.37037037037037035,False,False,0.2185185185185185,False,False,False
input_representation,RE2,L2,max_z,mmbaro,RE2::SS,90,0.8444444444444444,0.06666666666666667,0.7777777777777778,0.6888888888888889,0.8555555555555555,0.5555555555555556,0.26666666666666666,0.28888888888888886,0.17777777777777778,0.4111111111111111,0.37037037037037035,False,False,0.2185185185185185,False,False,False
input_representation,RE2,L2,max_z,mmbaro,RE2::TT,90,0.4111111111111111,0.6888888888888889,-0.2777777777777778,-0.4,-0.14444444444444443,0.2222222222222222,0.14444444444444443,0.07777777777777778,-0.022222222222222223,0.17777777777777778,0.37037037037037035,True,True,0.2185185185185185,False,False,True
release_defect,RE1,L1,baro,causalrca,RE1::OB,125,0.736,0.6160000000000001,0.12000000000000001,0.04266666666666667,0.1946666666666667,0.736,0.6160000000000001,0.12000000000000001,0.04266666666666667,0.1946666666666667,0.4053333333333333,False,False,0.4053333333333333,False,False,False
release_defect,RE1,L1,baro,causalrca,RE1::SS,125,0.848,0.176,0.672,0.592,0.752,0.848,0.176,0.672,0.592,0.752,0.4053333333333333,False,False,0.4053333333333333,False,False,False
release_defect,RE1,L1,baro,causalrca,RE1::TT,125,0.56,0.13599999999999998,0.424,0.3306666666666667,0.5146666666666666,0.56,0.13599999999999998,0.424,0.3306666666666667,0.5146666666666666,0.4053333333333333,False,False,0.4053333333333333,False,False,False
release_defect,RE1,L1,baro,circa,RE1::OB,125,0.736,0.672,0.064,-0.032,0.16,0.736,0.432,0.304,0.184,0.424,0.14666666666666667,False,False,0.22666666666666666,False,False,False
release_defect,RE1,L1,baro,circa,RE1::SS,125,0.848,0.704,0.144,0.064,0.232,0.848,0.704,0.144,0.064,0.232,0.14666666666666667,False,False,0.22666666666666666,False,False,False
release_defect,RE1,L1,baro,circa,RE1::TT,125,0.56,0.328,0.232,0.136,0.328,0.56,0.328,0.232,0.136,0.328,0.14666666666666667,False,False,0.22666666666666666,False,False,False
release_defect,RE1,L1,baro,e_diagnosis,RE1::OB,125,0.736,0.032,0.704,0.624,0.784,0.736,0.032,0.704,0.624,0.784,0.6559999999999999,False,False,0.6559999999999999,False,False,False
release_defect,RE1,L1,baro,e_diagnosis,RE1::SS,125,0.848,0.144,0.704,0.616,0.784,0.848,0.144,0.704,0.616,0.784,0.6559999999999999,False,False,0.6559999999999999,False,False,False
release_defect,RE1,L1,baro,e_diagnosis,RE1::TT,125,0.56,0.0,0.56,0.472,0.64,0.56,0.0,0.56,0.472,0.64,0.6559999999999999,False,False,0.6559999999999999,False,False,False
release_defect,RE1,L1,baro,rcd,RE1::OB,125,0.736,0.5413333333333334,0.19466666666666665,0.09866666666666668,0.288,0.736,0.5466666666666667,0.18933333333333333,0.09333333333333334,0.2826666666666667,0.37511111111111106,False,False,0.3733333333333333,False,False,False
release_defect,RE1,L1,baro,rcd,RE1::SS,125,0.848,0.3893333333333333,0.45866666666666667,0.3546666666666667,0.56,0.848,0.3893333333333333,0.45866666666666667,0.3546666666666667,0.56,0.37511111111111106,False,False,0.3733333333333333,False,False,False
release_defect,RE1,L1,baro,rcd,RE1::TT,125,0.56,0.088,0.472,0.3813333333333333,0.56,0.56,0.088,0.472,0.3813333333333333,0.56,0.37511111111111106,False,False,0.3733333333333333,False,False,False
release_defect,RE1,L1,causalrca,circa,RE1::OB,125,0.6160000000000001,0.672,-0.05600000000000001,-0.14400000000000004,0.034666666666666644,0.6160000000000001,0.432,0.18399999999999997,0.07733333333333331,0.2906666666666667,-0.2586666666666666,False,False,-0.17866666666666664,True,True,True
release_defect,RE1,L1,causalrca,circa,RE1::SS,125,0.176,0.704,-0.5279999999999999,-0.6133333333333334,-0.44000000000000006,0.176,0.704,-0.5279999999999999,-0.6133333333333334,-0.44000000000000006,-0.2586666666666666,False,False,-0.17866666666666664,False,False,False
release_defect,RE1,L1,causalrca,circa,RE1::TT,125,0.13599999999999998,0.328,-0.19200000000000003,-0.2800000000000001,-0.104,0.13599999999999998,0.328,-0.19200000000000003,-0.2800000000000001,-0.104,-0.2586666666666666,False,False,-0.17866666666666664,False,False,False
release_defect,RE1,L1,causalrca,e_diagnosis,RE1::OB,125,0.6160000000000001,0.032,0.5840000000000001,0.5119999999999999,0.6586666666666666,0.6160000000000001,0.032,0.5840000000000001,0.5119999999999999,0.6586666666666666,0.25066666666666665,False,False,0.25066666666666665,False,False,False
release_defect,RE1,L1,causalrca,e_diagnosis,RE1::SS,125,0.176,0.144,0.031999999999999994,-0.05066666666666668,0.11733333333333332,0.176,0.144,0.031999999999999994,-0.05066666666666668,0.11733333333333332,0.25066666666666665,False,False,0.25066666666666665,False,False,False
release_defect,RE1,L1,causalrca,e_diagnosis,RE1::TT,125,0.13599999999999998,0.0,0.13599999999999998,0.096,0.17866666666666667,0.13599999999999998,0.0,0.13599999999999998,0.096,0.17866666666666667,0.25066666666666665,False,False,0.25066666666666665,False,False,False
release_defect,RE1,L1,causalrca,rcd,RE1::OB,125,0.6160000000000001,0.5413333333333334,0.07466666666666667,-0.018666666666666668,0.16533333333333333,0.6160000000000001,0.5466666666666667,0.06933333333333333,-0.02139999999999996,0.15999999999999998,-0.030222222222222223,True,False,-0.032,True,False,False
release_defect,RE1,L1,causalrca,rcd,RE1::SS,125,0.176,0.3893333333333333,-0.21333333333333335,-0.2986666666666667,-0.13066666666666665,0.176,0.3893333333333333,-0.21333333333333335,-0.2986666666666667,-0.13066666666666665,-0.030222222222222223,False,False,-0.032,False,False,False
release_defect,RE1,L1,causalrca,rcd,RE1::TT,125,0.13599999999999998,0.088,0.047999999999999994,-0.018666666666666675,0.112,0.13599999999999998,0.088,0.047999999999999994,-0.018666666666666675,0.112,-0.030222222222222223,True,False,-0.032,True,False,False
release_defect,RE1,L1,circa,e_diagnosis,RE1::OB,125,0.672,0.032,0.64,0.552,0.72,0.432,0.032,0.4,0.312,0.488,0.5093333333333334,False,False,0.42933333333333334,False,False,False
release_defect,RE1,L1,circa,e_diagnosis,RE1::SS,125,0.704,0.144,0.56,0.464,0.648,0.704,0.144,0.56,0.464,0.648,0.5093333333333334,False,False,0.42933333333333334,False,False,False
release_defect,RE1,L1,circa,e_diagnosis,RE1::TT,125,0.328,0.0,0.328,0.248,0.408,0.328,0.0,0.328,0.248,0.408,0.5093333333333334,False,False,0.42933333333333334,False,False,False
release_defect,RE1,L1,circa,rcd,RE1::OB,125,0.672,0.5413333333333334,0.13066666666666665,0.02133333333333335,0.23733333333333334,0.432,0.5466666666666667,-0.11466666666666664,-0.24533333333333335,0.01600000000000002,0.22844444444444442,False,False,0.14666666666666667,True,False,True
release_defect,RE1,L1,circa,rcd,RE1::SS,125,0.704,0.3893333333333333,0.3146666666666667,0.19466666666666665,0.432,0.704,0.3893333333333333,0.3146666666666667,0.19466666666666665,0.432,0.22844444444444442,False,False,0.14666666666666667,False,False,False
release_defect,RE1,L1,circa,rcd,RE1::TT,125,0.328,0.088,0.24,0.14933333333333335,0.328,0.328,0.088,0.24,0.14933333333333335,0.328,0.22844444444444442,False,False,0.14666666666666667,False,False,False
release_defect,RE1,L1,e_diagnosis,rcd,RE1::OB,125,0.032,0.5413333333333334,-0.5093333333333333,-0.5946666666666666,-0.42400000000000004,0.032,0.5466666666666667,-0.5146666666666666,-0.5973333333333334,-0.432,-0.28088888888888885,False,False,-0.2826666666666666,False,False,False
release_defect,RE1,L1,e_diagnosis,rcd,RE1::SS,125,0.144,0.3893333333333333,-0.24533333333333332,-0.3519999999999999,-0.14133333333333334,0.144,0.3893333333333333,-0.24533333333333332,-0.3519999999999999,-0.14133333333333334,-0.28088888888888885,False,False,-0.2826666666666666,False,False,False
release_defect,RE1,L1,e_diagnosis,rcd,RE1::TT,125,0.0,0.088,-0.088,-0.13599999999999998,-0.048,0.0,0.088,-0.088,-0.13599999999999998,-0.048,-0.28088888888888885,False,False,-0.2826666666666666,False,False,False
release_defect,RE1,L2,alertcount,baro,RE1::OB,125,0.392,0.736,-0.344,-0.44,-0.2478000000000029,0.392,0.736,-0.344,-0.44,-0.2478000000000029,-0.44266666666666665,False,False,-0.44266666666666665,False,False,False
release_defect,RE1,L2,alertcount,baro,RE1::SS,125,0.376,0.848,-0.472,-0.576,-0.36,0.376,0.848,-0.472,-0.576,-0.36,-0.44266666666666665,False,False,-0.44266666666666665,False,False,False
release_defect,RE1,L2,alertcount,baro,RE1::TT,125,0.048,0.56,-0.512,-0.608,-0.408,0.048,0.56,-0.512,-0.608,-0.408,-0.44266666666666665,False,False,-0.44266666666666665,False,False,False
release_defect,RE1,L2,alertcount,causalrca,RE1::OB,125,0.392,0.6160000000000001,-0.22399999999999998,-0.32,-0.12799999999999997,0.392,0.6160000000000001,-0.22399999999999998,-0.32,-0.12799999999999997,-0.03733333333333332,False,False,-0.03733333333333332,False,False,False
release_defect,RE1,L2,alertcount,causalrca,RE1::SS,125,0.376,0.176,0.2,0.0986666666666667,0.3013333333333334,0.376,0.176,0.2,0.0986666666666667,0.3013333333333334,-0.03733333333333332,True,True,-0.03733333333333332,True,True,False
release_defect,RE1,L2,alertcount,causalrca,RE1::TT,125,0.048,0.13599999999999998,-0.088,-0.144,-0.02933333333333333,0.048,0.13599999999999998,-0.088,-0.144,-0.02933333333333333,-0.03733333333333332,False,False,-0.03733333333333332,False,False,False
release_defect,RE1,L2,alertcount,cd1min,RE1::OB,125,0.392,0.728,-0.336,-0.448,-0.224,0.392,0.728,-0.336,-0.448,-0.224,-0.3733333333333333,False,False,-0.3733333333333333,False,False,False
release_defect,RE1,L2,alertcount,cd1min,RE1::SS,125,0.376,0.928,-0.552,-0.648,-0.448,0.376,0.928,-0.552,-0.648,-0.448,-0.3733333333333333,False,False,-0.3733333333333333,False,False,False
release_defect,RE1,L2,alertcount,cd1min,RE1::TT,125,0.048,0.28,-0.232,-0.328,-0.144,0.048,0.28,-0.232,-0.328,-0.144,-0.3733333333333333,False,False,-0.3733333333333333,False,False,False
release_defect,RE1,L2,alertcount,circa,RE1::OB,125,0.392,0.672,-0.28,-0.392,-0.176,0.392,0.432,-0.04,-0.152,0.072,-0.296,False,False,-0.21600000000000003,False,False,False
release_defect,RE1,L2,alertcount,circa,RE1::SS,125,0.376,0.704,-0.328,-0.448,-0.208,0.376,0.704,-0.328,-0.448,-0.208,-0.296,False,False,-0.21600000000000003,False,False,False
release_defect,RE1,L2,alertcount,circa,RE1::TT,125,0.048,0.328,-0.28,-0.368,-0.192,0.048,0.328,-0.28,-0.368,-0.192,-0.296,False,False,-0.21600000000000003,False,False,False
release_defect,RE1,L2,alertcount,e_diagnosis,RE1::OB,125,0.392,0.032,0.36,0.272,0.448,0.392,0.032,0.36,0.272,0.448,0.21333333333333332,False,False,0.21333333333333332,False,False,False
release_defect,RE1,L2,alertcount,e_diagnosis,RE1::SS,125,0.376,0.144,0.232,0.12,0.344,0.376,0.144,0.232,0.12,0.344,0.21333333333333332,False,False,0.21333333333333332,False,False,False
release_defect,RE1,L2,alertcount,e_diagnosis,RE1::TT,125,0.048,0.0,0.048,0.016,0.088,0.048,0.0,0.048,0.016,0.088,0.21333333333333332,False,False,0.21333333333333332,False,False,False
release_defect,RE1,L2,alertcount,max_z,RE1::OB,125,0.392,0.504,-0.112,-0.224,0.0,0.392,0.504,-0.112,-0.224,0.0,-0.2853333333333333,False,False,-0.2853333333333333,False,False,False
release_defect,RE1,L2,alertcount,max_z,RE1::SS,125,0.376,0.744,-0.368,-0.488,-0.248,0.376,0.744,-0.368,-0.488,-0.248,-0.2853333333333333,False,False,-0.2853333333333333,False,False,False
release_defect,RE1,L2,alertcount,max_z,RE1::TT,125,0.048,0.424,-0.376,-0.472,-0.28,0.048,0.424,-0.376,-0.472,-0.28,-0.2853333333333333,False,False,-0.2853333333333333,False,False,False
release_defect,RE1,L2,alertcount,rcd,RE1::OB,125,0.392,0.5413333333333334,-0.14933333333333335,-0.25333333333333335,-0.04533333333333332,0.392,0.5466666666666667,-0.15466666666666667,-0.2613333333333333,-0.05066666666666665,-0.06755555555555556,False,False,-0.06933333333333333,False,False,False
release_defect,RE1,L2,alertcount,rcd,RE1::SS,125,0.376,0.3893333333333333,-0.013333333333333327,-0.12799999999999997,0.10400000000000001,0.376,0.3893333333333333,-0.013333333333333327,-0.12799999999999997,0.10400000000000001,-0.06755555555555556,False,False,-0.06933333333333333,False,False,False
release_defect,RE1,L2,alertcount,rcd,RE1::TT,125,0.048,0.088,-0.03999999999999999,-0.096,0.016,0.048,0.088,-0.03999999999999999,-0.096,0.016,-0.06755555555555556,False,False,-0.06933333333333333,False,False,False
release_defect,RE1,L2,baro,causalrca,RE1::OB,125,0.736,0.6160000000000001,0.12000000000000001,0.04266666666666667,0.1946666666666667,0.736,0.6160000000000001,0.12000000000000001,0.04266666666666667,0.1946666666666667,0.4053333333333333,False,False,0.4053333333333333,False,False,False
release_defect,RE1,L2,baro,causalrca,RE1::SS,125,0.848,0.176,0.672,0.592,0.752,0.848,0.176,0.672,0.592,0.752,0.4053333333333333,False,False,0.4053333333333333,False,False,False
release_defect,RE1,L2,baro,causalrca,RE1::TT,125,0.56,0.13599999999999998,0.424,0.3306666666666667,0.5146666666666666,0.56,0.13599999999999998,0.424,0.3306666666666667,0.5146666666666666,0.4053333333333333,False,False,0.4053333333333333,False,False,False
release_defect,RE1,L2,baro,cd1min,RE1::OB,125,0.736,0.728,0.008,-0.08,0.096,0.736,0.728,0.008,-0.08,0.096,0.06933333333333334,False,False,0.06933333333333334,False,False,False
release_defect,RE1,L2,baro,cd1min,RE1::SS,125,0.848,0.928,-0.08,-0.136,-0.024,0.848,0.928,-0.08,-0.136,-0.024,0.06933333333333334,True,True,0.06933333333333334,True,True,False
release_defect,RE1,L2,baro,cd1min,RE1::TT,125,0.56,0.28,0.28,0.16,0.392,0.56,0.28,0.28,0.16,0.392,0.06933333333333334,False,False,0.06933333333333334,False,False,False
release_defect,RE1,L2,baro,circa,RE1::OB,125,0.736,0.672,0.064,-0.032,0.16,0.736,0.432,0.304,0.184,0.424,0.14666666666666667,False,False,0.22666666666666666,False,False,False
release_defect,RE1,L2,baro,circa,RE1::SS,125,0.848,0.704,0.144,0.064,0.232,0.848,0.704,0.144,0.064,0.232,0.14666666666666667,False,False,0.22666666666666666,False,False,False
release_defect,RE1,L2,baro,circa,RE1::TT,125,0.56,0.328,0.232,0.136,0.328,0.56,0.328,0.232,0.136,0.328,0.14666666666666667,False,False,0.22666666666666666,False,False,False
release_defect,RE1,L2,baro,e_diagnosis,RE1::OB,125,0.736,0.032,0.704,0.624,0.784,0.736,0.032,0.704,0.624,0.784,0.6559999999999999,False,False,0.6559999999999999,False,False,False
release_defect,RE1,L2,baro,e_diagnosis,RE1::SS,125,0.848,0.144,0.704,0.616,0.784,0.848,0.144,0.704,0.616,0.784,0.6559999999999999,False,False,0.6559999999999999,False,False,False
release_defect,RE1,L2,baro,e_diagnosis,RE1::TT,125,0.56,0.0,0.56,0.472,0.64,0.56,0.0,0.56,0.472,0.64,0.6559999999999999,False,False,0.6559999999999999,False,False,False
release_defect,RE1,L2,baro,max_z,RE1::OB,125,0.736,0.504,0.232,0.136,0.328,0.736,0.504,0.232,0.136,0.328,0.15733333333333333,False,False,0.15733333333333333,False,False,False
release_defect,RE1,L2,baro,max_z,RE1::SS,125,0.848,0.744,0.104,0.032,0.176,0.848,0.744,0.104,0.032,0.176,0.15733333333333333,False,False,0.15733333333333333,False,False,False
release_defect,RE1,L2,baro,max_z,RE1::TT,125,0.56,0.424,0.136,0.048,0.224,0.56,0.424,0.136,0.048,0.224,0.15733333333333333,False,False,0.15733333333333333,False,False,False
release_defect,RE1,L2,baro,rcd,RE1::OB,125,0.736,0.5413333333333334,0.19466666666666665,0.09866666666666668,0.288,0.736,0.5466666666666667,0.18933333333333333,0.09333333333333334,0.2826666666666667,0.37511111111111106,False,False,0.3733333333333333,False,False,False
release_defect,RE1,L2,baro,rcd,RE1::SS,125,0.848,0.3893333333333333,0.45866666666666667,0.3546666666666667,0.56,0.848,0.3893333333333333,0.45866666666666667,0.3546666666666667,0.56,0.37511111111111106,False,False,0.3733333333333333,False,False,False
release_defect,RE1,L2,baro,rcd,RE1::TT,125,0.56,0.088,0.472,0.3813333333333333,0.56,0.56,0.088,0.472,0.3813333333333333,0.56,0.37511111111111106,False,False,0.3733333333333333,False,False,False
release_defect,RE1,L2,causalrca,cd1min,RE1::OB,125,0.6160000000000001,0.728,-0.11200000000000003,-0.19733333333333333,-0.026666666666666675,0.6160000000000001,0.728,-0.11200000000000003,-0.19733333333333333,-0.026666666666666675,-0.33599999999999997,False,False,-0.33599999999999997,False,False,False
release_defect,RE1,L2,causalrca,cd1min,RE1::SS,125,0.176,0.928,-0.752,-0.8186666666666668,-0.68,0.176,0.928,-0.752,-0.8186666666666668,-0.68,-0.33599999999999997,False,False,-0.33599999999999997,False,False,False
release_defect,RE1,L2,causalrca,cd1min,RE1::TT,125,0.13599999999999998,0.28,-0.14400000000000002,-0.23466666666666666,-0.056000000000000015,0.13599999999999998,0.28,-0.14400000000000002,-0.23466666666666666,-0.056000000000000015,-0.33599999999999997,False,False,-0.33599999999999997,False,False,False
release_defect,RE1,L2,causalrca,circa,RE1::OB,125,0.6160000000000001,0.672,-0.05600000000000001,-0.14400000000000004,0.034666666666666644,0.6160000000000001,0.432,0.18399999999999997,0.07733333333333331,0.2906666666666667,-0.2586666666666666,False,False,-0.17866666666666664,True,True,True
release_defect,RE1,L2,causalrca,circa,RE1::SS,125,0.176,0.704,-0.5279999999999999,-0.6133333333333334,-0.44000000000000006,0.176,0.704,-0.5279999999999999,-0.6133333333333334,-0.44000000000000006,-0.2586666666666666,False,False,-0.17866666666666664,False,False,False
release_defect,RE1,L2,causalrca,circa,RE1::TT,125,0.13599999999999998,0.328,-0.19200000000000003,-0.2800000000000001,-0.104,0.13599999999999998,0.328,-0.19200000000000003,-0.2800000000000001,-0.104,-0.2586666666666666,False,False,-0.17866666666666664,False,False,False
release_defect,RE1,L2,causalrca,e_diagnosis,RE1::OB,125,0.6160000000000001,0.032,0.5840000000000001,0.5119999999999999,0.6586666666666666,0.6160000000000001,0.032,0.5840000000000001,0.5119999999999999,0.6586666666666666,0.25066666666666665,False,False,0.25066666666666665,False,False,False
release_defect,RE1,L2,causalrca,e_diagnosis,RE1::SS,125,0.176,0.144,0.031999999999999994,-0.05066666666666668,0.11733333333333332,0.176,0.144,0.031999999999999994,-0.05066666666666668,0.11733333333333332,0.25066666666666665,False,False,0.25066666666666665,False,False,False
release_defect,RE1,L2,causalrca,e_diagnosis,RE1::TT,125,0.13599999999999998,0.0,0.13599999999999998,0.096,0.17866666666666667,0.13599999999999998,0.0,0.13599999999999998,0.096,0.17866666666666667,0.25066666666666665,False,False,0.25066666666666665,False,False,False
release_defect,RE1,L2,causalrca,max_z,RE1::OB,125,0.6160000000000001,0.504,0.11199999999999999,0.007999999999999985,0.21599999999999997,0.6160000000000001,0.504,0.11199999999999999,0.007999999999999985,0.21599999999999997,-0.24799999999999994,True,True,-0.24799999999999994,True,True,False
release_defect,RE1,L2,causalrca,max_z,RE1::SS,125,0.176,0.744,-0.568,-0.6613333333333333,-0.4746666666666667,0.176,0.744,-0.568,-0.6613333333333333,-0.4746666666666667,-0.24799999999999994,False,False,-0.24799999999999994,False,False,False
release_defect,RE1,L2,causalrca,max_z,RE1::TT,125,0.13599999999999998,0.424,-0.288,-0.3786666666666667,-0.19466666666666668,0.13599999999999998,0.424,-0.288,-0.3786666666666667,-0.19466666666666668,-0.24799999999999994,False,False,-0.24799999999999994,False,False,False
release_defect,RE1,L2,causalrca,rcd,RE1::OB,125,0.6160000000000001,0.5413333333333334,0.07466666666666667,-0.018666666666666668,0.16533333333333333,0.6160000000000001,0.5466666666666667,0.06933333333333333,-0.02139999999999996,0.15999999999999998,-0.030222222222222223,True,False,-0.032,True,False,False
release_defect,RE1,L2,causalrca,rcd,RE1::SS,125,0.176,0.3893333333333333,-0.21333333333333335,-0.2986666666666667,-0.13066666666666665,0.176,0.3893333333333333,-0.21333333333333335,-0.2986666666666667,-0.13066666666666665,-0.030222222222222223,False,False,-0.032,False,False,False
release_defect,RE1,L2,causalrca,rcd,RE1::TT,125,0.13599999999999998,0.088,0.047999999999999994,-0.018666666666666675,0.112,0.13599999999999998,0.088,0.047999999999999994,-0.018666666666666675,0.112,-0.030222222222222223,True,False,-0.032,True,False,False
release_defect,RE1,L2,cd1min,circa,RE1::OB,125,0.728,0.672,0.056,-0.04,0.152,0.728,0.432,0.296,0.184,0.408,0.07733333333333332,False,False,0.15733333333333333,False,False,False
release_defect,RE1,L2,cd1min,circa,RE1::SS,125,0.928,0.704,0.224,0.144,0.304,0.928,0.704,0.224,0.144,0.304,0.07733333333333332,False,False,0.15733333333333333,False,False,False
release_defect,RE1,L2,cd1min,circa,RE1::TT,125,0.28,0.328,-0.048,-0.16,0.072,0.28,0.328,-0.048,-0.16,0.072,0.07733333333333332,True,False,0.15733333333333333,True,False,False
release_defect,RE1,L2,cd1min,e_diagnosis,RE1::OB,125,0.728,0.032,0.696,0.616,0.776,0.728,0.032,0.696,0.616,0.776,0.5866666666666667,False,False,0.5866666666666667,False,False,False
release_defect,RE1,L2,cd1min,e_diagnosis,RE1::SS,125,0.928,0.144,0.784,0.712,0.856,0.928,0.144,0.784,0.712,0.856,0.5866666666666667,False,False,0.5866666666666667,False,False,False
release_defect,RE1,L2,cd1min,e_diagnosis,RE1::TT,125,0.28,0.0,0.28,0.2,0.36,0.28,0.0,0.28,0.2,0.36,0.5866666666666667,False,False,0.5866666666666667,False,False,False
release_defect,RE1,L2,cd1min,max_z,RE1::OB,125,0.728,0.504,0.224,0.12,0.336,0.728,0.504,0.224,0.12,0.336,0.088,False,False,0.088,False,False,False
release_defect,RE1,L2,cd1min,max_z,RE1::SS,125,0.928,0.744,0.184,0.112,0.256,0.928,0.744,0.184,0.112,0.256,0.088,False,False,0.088,False,False,False
release_defect,RE1,L2,cd1min,max_z,RE1::TT,125,0.28,0.424,-0.144,-0.248,-0.032,0.28,0.424,-0.144,-0.248,-0.032,0.088,True,True,0.088,True,True,False
release_defect,RE1,L2,cd1min,rcd,RE1::OB,125,0.728,0.5413333333333334,0.18666666666666662,0.08000000000000002,0.29066666666666674,0.728,0.5466666666666667,0.18133333333333332,0.07466666666666669,0.288,0.3057777777777778,False,False,0.30400000000000005,False,False,False
release_defect,RE1,L2,cd1min,rcd,RE1::SS,125,0.928,0.3893333333333333,0.5386666666666667,0.448,0.6266666666666667,0.928,0.3893333333333333,0.5386666666666667,0.448,0.6266666666666667,0.3057777777777778,False,False,0.30400000000000005,False,False,False
release_defect,RE1,L2,cd1min,rcd,RE1::TT,125,0.28,0.088,0.19200000000000003,0.09866666666666665,0.288,0.28,0.088,0.19200000000000003,0.09866666666666665,0.288,0.3057777777777778,False,False,0.30400000000000005,False,False,False
release_defect,RE1,L2,circa,e_diagnosis,RE1::OB,125,0.672,0.032,0.64,0.552,0.72,0.432,0.032,0.4,0.312,0.488,0.5093333333333334,False,False,0.42933333333333334,False,False,False
release_defect,RE1,L2,circa,e_diagnosis,RE1::SS,125,0.704,0.144,0.56,0.464,0.648,0.704,0.144,0.56,0.464,0.648,0.5093333333333334,False,False,0.42933333333333334,False,False,False
release_defect,RE1,L2,circa,e_diagnosis,RE1::TT,125,0.328,0.0,0.328,0.248,0.408,0.328,0.0,0.328,0.248,0.408,0.5093333333333334,False,False,0.42933333333333334,False,False,False
release_defect,RE1,L2,circa,max_z,RE1::OB,125,0.672,0.504,0.168,0.064,0.28,0.432,0.504,-0.072,-0.192,0.048,0.010666666666666672,False,False,-0.06933333333333333,False,False,True
release_defect,RE1,L2,circa,max_z,RE1::SS,125,0.704,0.744,-0.04,-0.144,0.064,0.704,0.744,-0.04,-0.144,0.064,0.010666666666666672,True,False,-0.06933333333333333,False,False,False
release_defect,RE1,L2,circa,max_z,RE1::TT,125,0.328,0.424,-0.096,-0.192,0.008,0.328,0.424,-0.096,-0.192,0.008,0.010666666666666672,True,False,-0.06933333333333333,False,False,False
release_defect,RE1,L2,circa,rcd,RE1::OB,125,0.672,0.5413333333333334,0.13066666666666665,0.02133333333333335,0.23733333333333334,0.432,0.5466666666666667,-0.11466666666666664,-0.24533333333333335,0.01600000000000002,0.22844444444444442,False,False,0.14666666666666667,True,False,True
release_defect,RE1,L2,circa,rcd,RE1::SS,125,0.704,0.3893333333333333,0.3146666666666667,0.19466666666666665,0.432,0.704,0.3893333333333333,0.3146666666666667,0.19466666666666665,0.432,0.22844444444444442,False,False,0.14666666666666667,False,False,False
release_defect,RE1,L2,circa,rcd,RE1::TT,125,0.328,0.088,0.24,0.14933333333333335,0.328,0.328,0.088,0.24,0.14933333333333335,0.328,0.22844444444444442,False,False,0.14666666666666667,False,False,False
release_defect,RE1,L2,e_diagnosis,max_z,RE1::OB,125,0.032,0.504,-0.472,-0.56,-0.376,0.032,0.504,-0.472,-0.56,-0.376,-0.4986666666666666,False,False,-0.4986666666666666,False,False,False
release_defect,RE1,L2,e_diagnosis,max_z,RE1::SS,125,0.144,0.744,-0.6,-0.696,-0.496,0.144,0.744,-0.6,-0.696,-0.496,-0.4986666666666666,False,False,-0.4986666666666666,False,False,False
release_defect,RE1,L2,e_diagnosis,max_z,RE1::TT,125,0.0,0.424,-0.424,-0.512,-0.336,0.0,0.424,-0.424,-0.512,-0.336,-0.4986666666666666,False,False,-0.4986666666666666,False,False,False
release_defect,RE1,L2,e_diagnosis,rcd,RE1::OB,125,0.032,0.5413333333333334,-0.5093333333333333,-0.5946666666666666,-0.42400000000000004,0.032,0.5466666666666667,-0.5146666666666666,-0.5973333333333334,-0.432,-0.28088888888888885,False,False,-0.2826666666666666,False,False,False
release_defect,RE1,L2,e_diagnosis,rcd,RE1::SS,125,0.144,0.3893333333333333,-0.24533333333333332,-0.3519999999999999,-0.14133333333333334,0.144,0.3893333333333333,-0.24533333333333332,-0.3519999999999999,-0.14133333333333334,-0.28088888888888885,False,False,-0.2826666666666666,False,False,False
release_defect,RE1,L2,e_diagnosis,rcd,RE1::TT,125,0.0,0.088,-0.088,-0.13599999999999998,-0.048,0.0,0.088,-0.088,-0.13599999999999998,-0.048,-0.28088888888888885,False,False,-0.2826666666666666,False,False,False
release_defect,RE1,L2,max_z,rcd,RE1::OB,125,0.504,0.5413333333333334,-0.03733333333333333,-0.15199999999999997,0.072,0.504,0.5466666666666667,-0.04266666666666666,-0.15466666666666665,0.06666666666666668,0.2177777777777778,True,False,0.21600000000000003,True,False,False
release_defect,RE1,L2,max_z,rcd,RE1::SS,125,0.744,0.3893333333333333,0.3546666666666667,0.25333333333333335,0.45866666666666667,0.744,0.3893333333333333,0.3546666666666667,0.25333333333333335,0.45866666666666667,0.2177777777777778,False,False,0.21600000000000003,False,False,False
release_defect,RE1,L2,max_z,rcd,RE1::TT,125,0.424,0.088,0.336,0.2426666666666667,0.4293333333333333,0.424,0.088,0.336,0.2426666666666667,0.4293333333333333,0.2177777777777778,False,False,0.21600000000000003,False,False,False
scoring_strict,openrca,L1,baro,e_diagnosis,openrca::bank,136,0.16044117647058823,0.03551470588235294,0.1249264705882353,0.06735294117647059,0.18441176470588233,0.09558823529411764,0.022058823529411766,0.07352941176470588,0.014705882352941176,0.1323529411764706,0.08575914404223228,False,False,0.049302413273001514,False,False,False
scoring_strict,openrca,L1,baro,e_diagnosis,openrca::mkt1,70,0.05714285714285714,0.038142857142857145,0.019,-0.020285714285714285,0.05928928571428566,0.0,0.0,0.0,0.0,0.0,0.08575914404223228,False,False,0.049302413273001514,False,False,True
scoring_strict,openrca,L1,baro,e_diagnosis,openrca::mkt2,78,0.10576923076923077,0.04371794871794872,0.06205128205128205,0.0053846153846153835,0.12192307692307693,0.02564102564102564,0.0,0.02564102564102564,0.0,0.0641025641025641,0.08575914404223228,False,False,0.049302413273001514,False,False,False
scoring_strict,openrca,L1,baro,e_diagnosis,openrca::tel,51,0.18274509803921568,0.04568627450980392,0.13705882352941176,0.052156862745098044,0.23176470588235296,0.11764705882352941,0.0196078431372549,0.09803921568627451,0.0196078431372549,0.19607843137254902,0.08575914404223228,False,False,0.049302413273001514,False,False,False
scoring_strict,openrca,L1,baro,rcd,openrca::bank,136,0.16044117647058823,0.08904411764705882,0.07139705882352942,0.018430759803921573,0.12654595588235293,0.09558823529411764,0.04901960784313725,0.04656862745098039,-0.0024509803921568623,0.09803921568627451,0.02683585164835165,False,False,0.010008169934640524,False,False,False
scoring_strict,openrca,L1,baro,rcd,openrca::mkt1,70,0.05714285714285714,0.05085714285714285,0.006285714285714286,-0.03538095238095238,0.048857142857142856,0.0,0.0,0.0,0.0,0.0,0.02683585164835165,False,False,0.010008169934640524,False,False,True
scoring_strict,openrca,L1,baro,rcd,openrca::mkt2,78,0.10576923076923077,0.06623931623931624,0.039529914529914535,-0.012820512820512818,0.09294871794871795,0.02564102564102564,0.02564102564102564,0.0,-0.038461538461538464,0.038461538461538464,0.02683585164835165,False,False,0.010008169934640524,False,False,True
scoring_strict,openrca,L1,baro,rcd,openrca::tel,51,0.18274509803921568,0.19261437908496734,-0.009869281045751629,-0.05777777777777777,0.03470588235294118,0.11764705882352941,0.1241830065359477,-0.006535947712418298,-0.0457516339869281,0.026143790849673207,0.02683585164835165,True,False,0.010008169934640524,True,False,False
scoring_strict,openrca,L1,e_diagnosis,rcd,openrca::bank,136,0.03551470588235294,0.08904411764705882,-0.05352941176470589,-0.09076225490196077,-0.018354166666666717,0.022058823529411766,0.04901960784313725,-0.026960784313725488,-0.06127450980392157,0.004901960784313726,-0.058923292393880625,False,False,-0.039294243338360985,False,False,False
scoring_strict,openrca,L1,e_diagnosis,rcd,openrca::mkt1,70,0.038142857142857145,0.05085714285714285,-0.01271428571428571,-0.05399999999999999,0.02704761904761905,0.0,0.0,0.0,0.0,0.0,-0.058923292393880625,False,False,-0.039294243338360985,False,False,True
scoring_strict,openrca,L1,e_diagnosis,rcd,openrca::mkt2,78,0.04371794871794872,0.06623931623931624,-0.02252136752136752,-0.07589743589743589,0.0245309829059829,0.0,0.02564102564102564,-0.02564102564102564,-0.0641025641025641,0.0,-0.058923292393880625,False,False,-0.039294243338360985,False,False,False
scoring_strict,openrca,L1,e_diagnosis,rcd,openrca::tel,51,0.04568627450980392,0.19261437908496734,-0.1469281045751634,-0.2405882352941176,-0.06202614379084966,0.0196078431372549,0.1241830065359477,-0.1045751633986928,-0.196078431372549,-0.0261437908496732,-0.058923292393880625,False,False,-0.039294243338360985,False,False,False
scoring_strict,openrca,L2,alertcount,baro,openrca::bank,136,0.17213235294117646,0.16044117647058823,0.011691176470588234,-0.04772058823529412,0.0699264705882353,0.08088235294117647,0.09558823529411764,-0.014705882352941176,-0.0661764705882353,0.03676470588235294,0.06203526987718164,False,False,0.025724520577461753,True,False,True
scoring_strict,openrca,L2,alertcount,baro,openrca::mkt1,70,0.144,0.05714285714285714,0.08685714285714285,0.023857142857142855,0.15228571428571427,0.014285714285714285,0.0,0.014285714285714285,0.0,0.04285714285714286,0.06203526987718164,False,False,0.025724520577461753,False,False,False
scoring_strict,openrca,L2,alertcount,baro,openrca::mkt2,78,0.19653846153846155,0.10576923076923077,0.09076923076923077,0.02346153846153846,0.16025641025641027,0.08974358974358974,0.02564102564102564,0.0641025641025641,0.0,0.1282051282051282,0.06203526987718164,False,False,0.025724520577461753,False,False,False
scoring_strict,openrca,L2,alertcount,baro,openrca::tel,51,0.2415686274509804,0.18274509803921568,0.058823529411764705,0.0,0.12745098039215685,0.1568627450980392,0.11764705882352941,0.0392156862745098,0.0,0.09803921568627451,0.06203526987718164,False,False,0.025724520577461753,False,False,False
scoring_strict,openrca,L2,alertcount,cd1min,openrca::bank,136,0.17213235294117646,0.1648529411764706,0.007279411764705882,-0.06323529411764706,0.07779411764705882,0.08088235294117647,0.09558823529411764,-0.014705882352941176,-0.07352941176470588,0.04411764705882353,0.018271102671837965,False,False,-0.01099709114414997,False,False,True
scoring_strict,openrca,L2,alertcount,cd1min,openrca::mkt1,70,0.144,0.16085714285714287,-0.01685714285714286,-0.08471785714285714,0.04985714285714286,0.014285714285714285,0.05714285714285714,-0.04285714285714286,-0.11428571428571428,0.014285714285714285,0.018271102671837965,True,False,-0.01099709114414997,False,False,False
scoring_strict,openrca,L2,alertcount,cd1min,openrca::mkt2,78,0.19653846153846155,0.19230769230769232,0.004230769230769231,-0.09615384615384616,0.10361538461538423,0.08974358974358974,0.11538461538461539,-0.02564102564102564,-0.1282051282051282,0.07692307692307693,0.018271102671837965,False,False,-0.01099709114414997,False,False,True
scoring_strict,openrca,L2,alertcount,cd1min,openrca::tel,51,0.2415686274509804,0.1631372549019608,0.0784313725490196,-0.0492156862745098,0.20300980392156762,0.1568627450980392,0.11764705882352941,0.0392156862745098,-0.0784313725490196,0.1568627450980392,0.018271102671837965,False,False,-0.01099709114414997,True,False,False
scoring_strict,openrca,L2,alertcount,e_diagnosis,openrca::bank,136,0.17213235294117646,0.03551470588235294,0.1366176470588235,0.08397058823529412,0.19058823529411767,0.08088235294117647,0.022058823529411766,0.058823529411764705,0.014705882352941176,0.10294117647058823,0.14779441391941392,False,False,0.07502693385046327,False,False,False
scoring_strict,openrca,L2,alertcount,e_diagnosis,openrca::mkt1,70,0.144,0.038142857142857145,0.10585714285714286,0.05357142857142857,0.1605714285714286,0.014285714285714285,0.0,0.014285714285714285,0.0,0.04285714285714286,0.14779441391941392,False,False,0.07502693385046327,False,False,False
scoring_strict,openrca,L2,alertcount,e_diagnosis,openrca::mkt2,78,0.19653846153846155,0.04371794871794872,0.15282051282051282,0.0814070512820513,0.22756730769230765,0.08974358974358974,0.0,0.08974358974358974,0.038461538461538464,0.15384615384615385,0.14779441391941392,False,False,0.07502693385046327,False,False,False
scoring_strict,openrca,L2,alertcount,e_diagnosis,openrca::tel,51,0.2415686274509804,0.04568627450980392,0.19588235294117648,0.09784313725490197,0.3035294117647059,0.1568627450980392,0.0196078431372549,0.13725490196078433,0.058823529411764705,0.23529411764705882,0.14779441391941392,False,False,0.07502693385046327,False,False,False
scoring_strict,openrca,L2,alertcount,max_z,openrca::bank,136,0.17213235294117646,0.12691176470588234,0.045220588235294124,-0.0069117647058823525,0.09735294117647059,0.08088235294117647,0.058823529411764705,0.022058823529411766,-0.022058823529411766,0.0661764705882353,0.008776273971126914,False,False,0.010050366300366301,False,False,False
scoring_strict,openrca,L2,alertcount,max_z,openrca::mkt1,70,0.144,0.16071428571428573,-0.016714285714285716,-0.07142857142857142,0.03345357142857106,0.014285714285714285,0.02857142857142857,-0.014285714285714285,-0.04285714285714286,0.0,0.008776273971126914,True,False,0.010050366300366301,True,False,False
scoring_strict,openrca,L2,alertcount,max_z,openrca::mkt2,78,0.19653846153846155,0.19974358974358974,-0.003205128205128205,-0.08551282051282051,0.08012820512820513,0.08974358974358974,0.07692307692307693,0.01282051282051282,-0.0641025641025641,0.08974358974358974,0.008776273971126914,True,False,0.010050366300366301,False,False,True
scoring_strict,openrca,L2,alertcount,max_z,openrca::tel,51,0.2415686274509804,0.23176470588235296,0.009803921568627453,-0.0911764705882353,0.11098039215686274,0.1568627450980392,0.13725490196078433,0.0196078431372549,-0.058823529411764705,0.09803921568627451,0.008776273971126914,False,False,0.010050366300366301,False,False,False
scoring_strict,openrca,L2,alertcount,rcd,openrca::bank,136,0.17213235294117646,0.08904411764705882,0.08308823529411766,0.027744485294117646,0.13818933823529408,0.08088235294117647,0.04901960784313725,0.03186274509803922,-0.014705882352941175,0.08088235294117647,0.0888711215255333,False,False,0.035732690512102275,False,False,False
scoring_strict,openrca,L2,alertcount,rcd,openrca::mkt1,70,0.144,0.05085714285714285,0.09314285714285714,0.03823809523809524,0.15076547619047617,0.014285714285714285,0.0,0.014285714285714285,0.0,0.04285714285714286,0.0888711215255333,False,False,0.035732690512102275,False,False,False
scoring_strict,openrca,L2,alertcount,rcd,openrca::mkt2,78,0.19653846153846155,0.06623931623931624,0.1302991452991453,0.05021367521367522,0.21042735042735045,0.08974358974358974,0.02564102564102564,0.0641025641025641,-0.01282051282051282,0.14102564102564102,0.0888711215255333,False,False,0.035732690512102275,False,False,False
scoring_strict,openrca,L2,alertcount,rcd,openrca::tel,51,0.2415686274509804,0.19261437908496734,0.04895424836601308,-0.022941176470588232,0.12411764705882353,0.1568627450980392,0.1241830065359477,0.03267973856209151,-0.0261437908496732,0.09803921568627451,0.0888711215255333,False,False,0.035732690512102275,False,False,False
scoring_strict,openrca,L2,baro,cd1min,openrca::bank,136,0.16044117647058823,0.1648529411764706,-0.004411764705882352,-0.07426470588235294,0.06485294117647059,0.09558823529411764,0.09558823529411764,0.0,-0.0661764705882353,0.0661764705882353,-0.04376416720534368,False,False,-0.03672161172161172,False,False,True
scoring_strict,openrca,L2,baro,cd1min,openrca::mkt1,70,0.05714285714285714,0.16085714285714287,-0.10371428571428572,-0.175,-0.039285714285714285,0.0,0.05714285714285714,-0.05714285714285714,-0.11428571428571428,-0.014285714285714285,-0.04376416720534368,False,False,-0.03672161172161172,False,False,False
scoring_strict,openrca,L2,baro,cd1min,openrca::mkt2,78,0.10576923076923077,0.19230769230769232,-0.08653846153846154,-0.16346153846153846,-0.01282051282051282,0.02564102564102564,0.11538461538461539,-0.08974358974358974,-0.16666666666666666,-0.02564102564102564,-0.04376416720534368,False,False,-0.03672161172161172,False,False,False
scoring_strict,openrca,L2,baro,cd1min,openrca::tel,51,0.18274509803921568,0.1631372549019608,0.0196078431372549,-0.09156862745098039,0.13392156862745097,0.11764705882352941,0.11764705882352941,0.0,-0.09803921568627451,0.11764705882352941,-0.04376416720534368,True,False,-0.03672161172161172,False,False,True
scoring_strict,openrca,L2,baro,e_diagnosis,openrca::bank,136,0.16044117647058823,0.03551470588235294,0.1249264705882353,0.06735294117647059,0.18441176470588233,0.09558823529411764,0.022058823529411766,0.07352941176470588,0.014705882352941176,0.1323529411764706,0.08575914404223228,False,False,0.049302413273001514,False,False,False
scoring_strict,openrca,L2,baro,e_diagnosis,openrca::mkt1,70,0.05714285714285714,0.038142857142857145,0.019,-0.020285714285714285,0.05928928571428566,0.0,0.0,0.0,0.0,0.0,0.08575914404223228,False,False,0.049302413273001514,False,False,True
scoring_strict,openrca,L2,baro,e_diagnosis,openrca::mkt2,78,0.10576923076923077,0.04371794871794872,0.06205128205128205,0.0053846153846153835,0.12192307692307693,0.02564102564102564,0.0,0.02564102564102564,0.0,0.0641025641025641,0.08575914404223228,False,False,0.049302413273001514,False,False,False
scoring_strict,openrca,L2,baro,e_diagnosis,openrca::tel,51,0.18274509803921568,0.04568627450980392,0.13705882352941176,0.052156862745098044,0.23176470588235296,0.11764705882352941,0.0196078431372549,0.09803921568627451,0.0196078431372549,0.19607843137254902,0.08575914404223228,False,False,0.049302413273001514,False,False,False
scoring_strict,openrca,L2,baro,max_z,openrca::bank,136,0.16044117647058823,0.12691176470588234,0.033529411764705884,-0.022205882352941173,0.09176470588235294,0.09558823529411764,0.058823529411764705,0.03676470588235294,-0.014705882352941176,0.09558823529411764,-0.053258995906054735,True,False,-0.015674154277095453,True,False,False
scoring_strict,openrca,L2,baro,max_z,openrca::mkt1,70,0.05714285714285714,0.16071428571428573,-0.10357142857142858,-0.16328571428571428,-0.046992857142857246,0.0,0.02857142857142857,-0.02857142857142857,-0.07142857142857142,0.0,-0.053258995906054735,False,False,-0.015674154277095453,False,False,False
scoring_strict,openrca,L2,baro,max_z,openrca::mkt2,78,0.10576923076923077,0.19974358974358974,-0.09397435897435898,-0.1708974358974359,-0.019230769230769232,0.02564102564102564,0.07692307692307693,-0.05128205128205128,-0.11538461538461539,0.01282051282051282,-0.053258995906054735,False,False,-0.015674154277095453,False,False,False
scoring_strict,openrca,L2,baro,max_z,openrca::tel,51,0.18274509803921568,0.23176470588235296,-0.049019607843137254,-0.14705882352941177,0.0392156862745098,0.11764705882352941,0.13725490196078433,-0.0196078431372549,-0.09803921568627451,0.058823529411764705,-0.053258995906054735,False,False,-0.015674154277095453,False,False,False
scoring_strict,openrca,L2,baro,rcd,openrca::bank,136,0.16044117647058823,0.08904411764705882,0.07139705882352942,0.018430759803921573,0.12654595588235293,0.09558823529411764,0.04901960784313725,0.04656862745098039,-0.0024509803921568623,0.09803921568627451,0.02683585164835165,False,False,0.010008169934640524,False,False,False
scoring_strict,openrca,L2,baro,rcd,openrca::mkt1,70,0.05714285714285714,0.05085714285714285,0.006285714285714286,-0.03538095238095238,0.048857142857142856,0.0,0.0,0.0,0.0,0.0,0.02683585164835165,False,False,0.010008169934640524,False,False,True
scoring_strict,openrca,L2,baro,rcd,openrca::mkt2,78,0.10576923076923077,0.06623931623931624,0.039529914529914535,-0.012820512820512818,0.09294871794871795,0.02564102564102564,0.02564102564102564,0.0,-0.038461538461538464,0.038461538461538464,0.02683585164835165,False,False,0.010008169934640524,False,False,True
scoring_strict,openrca,L2,baro,rcd,openrca::tel,51,0.18274509803921568,0.19261437908496734,-0.009869281045751629,-0.05777777777777777,0.03470588235294118,0.11764705882352941,0.1241830065359477,-0.006535947712418298,-0.0457516339869281,0.026143790849673207,0.02683585164835165,True,False,0.010008169934640524,True,False,False
scoring_strict,openrca,L2,cd1min,e_diagnosis,openrca::bank,136,0.1648529411764706,0.03551470588235294,0.12933823529411764,0.07595588235294118,0.18647977941176455,0.09558823529411764,0.022058823529411766,0.07352941176470588,0.029411764705882353,0.125,0.12952331124757596,False,False,0.08602402499461323,False,False,False
scoring_strict,openrca,L2,cd1min,e_diagnosis,openrca::mkt1,70,0.16085714285714287,0.038142857142857145,0.1227142857142857,0.052425000000000006,0.1977142857142857,0.05714285714285714,0.0,0.05714285714285714,0.014285714285714285,0.11428571428571428,0.12952331124757596,False,False,0.08602402499461323,False,False,False
scoring_strict,openrca,L2,cd1min,e_diagnosis,openrca::mkt2,78,0.19230769230769232,0.04371794871794872,0.14858974358974358,0.0696153846153846,0.23294871794871796,0.11538461538461539,0.0,0.11538461538461539,0.05128205128205128,0.19230769230769232,0.12952331124757596,False,False,0.08602402499461323,False,False,False
scoring_strict,openrca,L2,cd1min,e_diagnosis,openrca::tel,51,0.1631372549019608,0.04568627450980392,0.11745098039215687,0.01627450980392157,0.2284313725490196,0.11764705882352941,0.0196078431372549,0.09803921568627451,0.0,0.19607843137254902,0.12952331124757596,False,False,0.08602402499461323,False,False,False
scoring_strict,openrca,L2,cd1min,max_z,openrca::bank,136,0.1648529411764706,0.12691176470588234,0.037941176470588235,-0.029558823529411762,0.10595588235294118,0.09558823529411764,0.058823529411764705,0.03676470588235294,-0.022058823529411766,0.09558823529411764,-0.009494828700711055,True,False,0.02104745744451627,False,False,False
scoring_strict,openrca,L2,cd1min,max_z,openrca::mkt1,70,0.16085714285714287,0.16071428571428573,0.00014285714285714458,-0.07714285714285714,0.07271428571428572,0.05714285714285714,0.02857142857142857,0.02857142857142857,-0.04285714285714286,0.1,-0.009494828700711055,True,False,0.02104745744451627,False,False,False
scoring_strict,openrca,L2,cd1min,max_z,openrca::mkt2,78,0.19230769230769232,0.19974358974358974,-0.0074358974358974365,-0.11,0.09833333333333333,0.11538461538461539,0.07692307692307693,0.038461538461538464,-0.05128205128205128,0.1282051282051282,-0.009494828700711055,False,False,0.02104745744451627,False,False,True
scoring_strict,openrca,L2,cd1min,max_z,openrca::tel,51,0.1631372549019608,0.23176470588235296,-0.06862745098039216,-0.17980392156862746,0.04568627450980392,0.11764705882352941,0.13725490196078433,-0.0196078431372549,-0.11764705882352941,0.0784313725490196,-0.009494828700711055,False,False,0.02104745744451627,True,False,False
scoring_strict,openrca,L2,cd1min,rcd,openrca::bank,136,0.1648529411764706,0.08904411764705882,0.07580882352941176,0.02776960784313726,0.1267156862745098,0.09558823529411764,0.04901960784313725,0.04656862745098039,0.002450980392156864,0.09558823529411764,0.07060001885369532,False,False,0.04672978165625224,False,False,False
scoring_strict,openrca,L2,cd1min,rcd,openrca::mkt1,70,0.16085714285714287,0.05085714285714285,0.10999999999999999,0.054047619047619046,0.17395833333333327,0.05714285714285714,0.0,0.05714285714285714,0.014285714285714285,0.11428571428571428,0.07060001885369532,False,False,0.04672978165625224,False,False,False
scoring_strict,openrca,L2,cd1min,rcd,openrca::mkt2,78,0.19230769230769232,0.06623931623931624,0.1260683760683761,0.061965811965811975,0.1955128205128205,0.11538461538461539,0.02564102564102564,0.08974358974358974,0.02564102564102564,0.15384615384615385,0.07060001885369532,False,False,0.04672978165625224,False,False,False
scoring_strict,openrca,L2,cd1min,rcd,openrca::tel,51,0.1631372549019608,0.19261437908496734,-0.029477124183006537,-0.14705882352941177,0.08499019607843106,0.11764705882352941,0.1241830065359477,-0.006535947712418295,-0.11764705882352941,0.09803921568627452,0.07060001885369532,True,False,0.04672978165625224,True,False,False
scoring_strict,openrca,L2,e_diagnosis,max_z,openrca::bank,136,0.03551470588235294,0.12691176470588234,-0.09139705882352941,-0.14161764705882351,-0.04360294117647059,0.022058823529411766,0.058823529411764705,-0.03676470588235294,-0.08088235294117647,0.007352941176470588,-0.13901813994828702,False,False,-0.06497656755009695,False,False,False
scoring_strict,openrca,L2,e_diagnosis,max_z,openrca::mkt1,70,0.038142857142857145,0.16071428571428573,-0.12257142857142857,-0.17514285714285713,-0.07257142857142858,0.0,0.02857142857142857,-0.02857142857142857,-0.07142857142857142,0.0,-0.13901813994828702,False,False,-0.06497656755009695,False,False,False
scoring_strict,openrca,L2,e_diagnosis,max_z,openrca::mkt2,78,0.04371794871794872,0.19974358974358974,-0.15602564102564104,-0.22435897435897437,-0.0941025641025641,0.0,0.07692307692307693,-0.07692307692307693,-0.14102564102564102,-0.02564102564102564,-0.13901813994828702,False,False,-0.06497656755009695,False,False,False
scoring_strict,openrca,L2,e_diagnosis,max_z,openrca::tel,51,0.04568627450980392,0.23176470588235296,-0.18607843137254904,-0.2972549019607843,-0.07823529411764707,0.0196078431372549,0.13725490196078433,-0.11764705882352941,-0.23529411764705882,-0.0196078431372549,-0.13901813994828702,False,False,-0.06497656755009695,False,False,False
scoring_strict,openrca,L2,e_diagnosis,rcd,openrca::bank,136,0.03551470588235294,0.08904411764705882,-0.05352941176470589,-0.09076225490196077,-0.018354166666666717,0.022058823529411766,0.04901960784313725,-0.026960784313725488,-0.06127450980392157,0.004901960784313726,-0.058923292393880625,False,False,-0.039294243338360985,False,False,False
scoring_strict,openrca,L2,e_diagnosis,rcd,openrca::mkt1,70,0.038142857142857145,0.05085714285714285,-0.01271428571428571,-0.05399999999999999,0.02704761904761905,0.0,0.0,0.0,0.0,0.0,-0.058923292393880625,False,False,-0.039294243338360985,False,False,True
scoring_strict,openrca,L2,e_diagnosis,rcd,openrca::mkt2,78,0.04371794871794872,0.06623931623931624,-0.02252136752136752,-0.07589743589743589,0.0245309829059829,0.0,0.02564102564102564,-0.02564102564102564,-0.0641025641025641,0.0,-0.058923292393880625,False,False,-0.039294243338360985,False,False,False
scoring_strict,openrca,L2,e_diagnosis,rcd,openrca::tel,51,0.04568627450980392,0.19261437908496734,-0.1469281045751634,-0.2405882352941176,-0.06202614379084966,0.0196078431372549,0.1241830065359477,-0.1045751633986928,-0.196078431372549,-0.0261437908496732,-0.058923292393880625,False,False,-0.039294243338360985,False,False,False
scoring_strict,openrca,L2,max_z,rcd,openrca::bank,136,0.12691176470588234,0.08904411764705882,0.037867647058823534,-0.010784926470588237,0.08894852941176468,0.058823529411764705,0.04901960784313725,0.009803921568627453,-0.03431372549019608,0.056372549019607844,0.08009484755440638,False,False,0.025682324211735975,False,False,False
scoring_strict,openrca,L2,max_z,rcd,openrca::mkt1,70,0.16071428571428573,0.05085714285714285,0.10985714285714285,0.045661904761904765,0.176525,0.02857142857142857,0.0,0.02857142857142857,0.0,0.07142857142857142,0.08009484755440638,False,False,0.025682324211735975,False,False,False
scoring_strict,openrca,L2,max_z,rcd,openrca::mkt2,78,0.19974358974358974,0.06623931623931624,0.13350427350427352,0.05123931623931625,0.21581196581196585,0.07692307692307693,0.02564102564102564,0.05128205128205128,-0.01282051282051282,0.1282051282051282,0.08009484755440638,False,False,0.025682324211735975,False,False,False
scoring_strict,openrca,L2,max_z,rcd,openrca::tel,51,0.23176470588235296,0.19261437908496734,0.03915032679738562,-0.050130718954248366,0.13281045751633988,0.13725490196078433,0.1241830065359477,0.013071895424836603,-0.065359477124183,0.09803921568627451,0.08009484755440638,False,False,0.025682324211735975,False,False,False
scoring_ge05,openrca,L1,baro,e_diagnosis,openrca::bank,136,0.16044117647058823,0.03551470588235294,0.1249264705882353,0.06735294117647059,0.18441176470588233,0.16911764705882354,0.04411764705882353,0.125,0.058823529411764705,0.19117647058823528,0.08575914404223228,False,False,0.10155273647920708,False,False,False
scoring_ge05,openrca,L1,baro,e_diagnosis,openrca::mkt1,70,0.05714285714285714,0.038142857142857145,0.019,-0.020285714285714285,0.05928928571428566,0.07142857142857142,0.04285714285714286,0.02857142857142857,-0.04285714285714286,0.1,0.08575914404223228,False,False,0.10155273647920708,False,False,False
scoring_ge05,openrca,L1,baro,e_diagnosis,openrca::mkt2,78,0.10576923076923077,0.04371794871794872,0.06205128205128205,0.0053846153846153835,0.12192307692307693,0.16666666666666666,0.05128205128205128,0.11538461538461539,0.01282051282051282,0.21794871794871795,0.08575914404223228,False,False,0.10155273647920708,False,False,False
scoring_ge05,openrca,L1,baro,e_diagnosis,openrca::tel,51,0.18274509803921568,0.04568627450980392,0.13705882352941176,0.052156862745098044,0.23176470588235296,0.19607843137254902,0.058823529411764705,0.13725490196078433,0.0392156862745098,0.2549019607843137,0.08575914404223228,False,False,0.10155273647920708,False,False,False
scoring_ge05,openrca,L1,baro,rcd,openrca::bank,136,0.16044117647058823,0.08904411764705882,0.07139705882352942,0.018430759803921573,0.12654595588235293,0.16911764705882354,0.10049019607843138,0.06862745098039216,0.0024509803921568653,0.13725490196078433,0.02683585164835165,False,False,0.029471019176901533,False,False,False
scoring_ge05,openrca,L1,baro,rcd,openrca::mkt1,70,0.05714285714285714,0.05085714285714285,0.006285714285714286,-0.03538095238095238,0.048857142857142856,0.07142857142857142,0.06666666666666665,0.0047619047619047675,-0.07619047619047618,0.08571428571428573,0.02683585164835165,False,False,0.029471019176901533,False,False,False
scoring_ge05,openrca,L1,baro,rcd,openrca::mkt2,78,0.10576923076923077,0.06623931623931624,0.039529914529914535,-0.012820512820512818,0.09294871794871795,0.16666666666666666,0.10256410256410255,0.06410256410256411,-0.021367521367521358,0.15384615384615385,0.02683585164835165,False,False,0.029471019176901533,False,False,False
scoring_ge05,openrca,L1,baro,rcd,openrca::tel,51,0.18274509803921568,0.19261437908496734,-0.009869281045751629,-0.05777777777777777,0.03470588235294118,0.19607843137254902,0.21568627450980393,-0.019607843137254898,-0.0849673202614379,0.04575163398692811,0.02683585164835165,True,False,0.029471019176901533,True,False,False
scoring_ge05,openrca,L1,e_diagnosis,rcd,openrca::bank,136,0.03551470588235294,0.08904411764705882,-0.05352941176470589,-0.09076225490196077,-0.018354166666666717,0.04411764705882353,0.10049019607843138,-0.05637254901960784,-0.10294117647058823,-0.01225490196078431,-0.058923292393880625,False,False,-0.07208171730230553,False,False,False
scoring_ge05,openrca,L1,e_diagnosis,rcd,openrca::mkt1,70,0.038142857142857145,0.05085714285714285,-0.01271428571428571,-0.05399999999999999,0.02704761904761905,0.04285714285714286,0.06666666666666665,-0.023809523809523805,-0.09523809523809523,0.04285714285714287,-0.058923292393880625,False,False,-0.07208171730230553,False,False,False
scoring_ge05,openrca,L1,e_diagnosis,rcd,openrca::mkt2,78,0.04371794871794872,0.06623931623931624,-0.02252136752136752,-0.07589743589743589,0.0245309829059829,0.05128205128205128,0.10256410256410255,-0.05128205128205128,-0.12393162393162392,0.02136752136752137,-0.058923292393880625,False,False,-0.07208171730230553,False,False,False
scoring_ge05,openrca,L1,e_diagnosis,rcd,openrca::tel,51,0.04568627450980392,0.19261437908496734,-0.1469281045751634,-0.2405882352941176,-0.06202614379084966,0.058823529411764705,0.21568627450980393,-0.1568627450980392,-0.2679738562091503,-0.0522875816993464,-0.058923292393880625,False,False,-0.07208171730230553,False,False,False
scoring_ge05,openrca,L2,alertcount,baro,openrca::bank,136,0.17213235294117646,0.16044117647058823,0.011691176470588234,-0.04772058823529412,0.0699264705882353,0.23529411764705882,0.16911764705882354,0.0661764705882353,-0.007352941176470588,0.13970588235294118,0.06203526987718164,False,False,0.09260531135531136,False,False,False
scoring_ge05,openrca,L2,alertcount,baro,openrca::mkt1,70,0.144,0.05714285714285714,0.08685714285714285,0.023857142857142855,0.15228571428571427,0.21428571428571427,0.07142857142857142,0.14285714285714285,0.02857142857142857,0.2714285714285714,0.06203526987718164,False,False,0.09260531135531136,False,False,False
scoring_ge05,openrca,L2,alertcount,baro,openrca::mkt2,78,0.19653846153846155,0.10576923076923077,0.09076923076923077,0.02346153846153846,0.16025641025641027,0.2692307692307692,0.16666666666666666,0.10256410256410256,0.0,0.20512820512820512,0.06203526987718164,False,False,0.09260531135531136,False,False,False
scoring_ge05,openrca,L2,alertcount,baro,openrca::tel,51,0.2415686274509804,0.18274509803921568,0.058823529411764705,0.0,0.12745098039215685,0.2549019607843137,0.19607843137254902,0.058823529411764705,-0.0196078431372549,0.1568627450980392,0.06203526987718164,False,False,0.09260531135531136,False,False,False
scoring_ge05,openrca,L2,alertcount,cd1min,openrca::bank,136,0.17213235294117646,0.1648529411764706,0.007279411764705882,-0.06323529411764706,0.07779411764705882,0.23529411764705882,0.19117647058823528,0.04411764705882353,-0.04411764705882353,0.13970588235294118,0.018271102671837965,False,False,0.04515460030165913,False,False,False
scoring_ge05,openrca,L2,alertcount,cd1min,openrca::mkt1,70,0.144,0.16085714285714287,-0.01685714285714286,-0.08471785714285714,0.04985714285714286,0.21428571428571427,0.21428571428571427,0.0,-0.1,0.1,0.018271102671837965,True,False,0.04515460030165913,False,False,True
scoring_ge05,openrca,L2,alertcount,cd1min,openrca::mkt2,78,0.19653846153846155,0.19230769230769232,0.004230769230769231,-0.09615384615384616,0.10361538461538423,0.2692307692307692,0.23076923076923078,0.038461538461538464,-0.08974358974358974,0.16666666666666666,0.018271102671837965,False,False,0.04515460030165913,False,False,False
scoring_ge05,openrca,L2,alertcount,cd1min,openrca::tel,51,0.2415686274509804,0.1631372549019608,0.0784313725490196,-0.0492156862745098,0.20300980392156762,0.2549019607843137,0.1568627450980392,0.09803921568627451,-0.0392156862745098,0.23529411764705882,0.018271102671837965,False,False,0.04515460030165913,False,False,False
scoring_ge05,openrca,L2,alertcount,e_diagnosis,openrca::bank,136,0.17213235294117646,0.03551470588235294,0.1366176470588235,0.08397058823529412,0.19058823529411767,0.23529411764705882,0.04411764705882353,0.19117647058823528,0.11764705882352941,0.2647058823529412,0.14779441391941392,False,False,0.1941580478345184,False,False,False
scoring_ge05,openrca,L2,alertcount,e_diagnosis,openrca::mkt1,70,0.144,0.038142857142857145,0.10585714285714286,0.05357142857142857,0.1605714285714286,0.21428571428571427,0.04285714285714286,0.17142857142857143,0.08571428571428572,0.2714285714285714,0.14779441391941392,False,False,0.1941580478345184,False,False,False
scoring_ge05,openrca,L2,alertcount,e_diagnosis,openrca::mkt2,78,0.19653846153846155,0.04371794871794872,0.15282051282051282,0.0814070512820513,0.22756730769230765,0.2692307692307692,0.05128205128205128,0.21794871794871795,0.11538461538461539,0.32051282051282054,0.14779441391941392,False,False,0.1941580478345184,False,False,False
scoring_ge05,openrca,L2,alertcount,e_diagnosis,openrca::tel,51,0.2415686274509804,0.04568627450980392,0.19588235294117648,0.09784313725490197,0.3035294117647059,0.2549019607843137,0.058823529411764705,0.19607843137254902,0.0784313725490196,0.3137254901960784,0.14779441391941392,False,False,0.1941580478345184,False,False,False
scoring_ge05,openrca,L2,alertcount,max_z,openrca::bank,136,0.17213235294117646,0.12691176470588234,0.045220588235294124,-0.0069117647058823525,0.09735294117647059,0.23529411764705882,0.16176470588235295,0.07352941176470588,0.0,0.14705882352941177,0.008776273971126914,False,False,0.006703835380305969,False,False,False
scoring_ge05,openrca,L2,alertcount,max_z,openrca::mkt1,70,0.144,0.16071428571428573,-0.016714285714285716,-0.07142857142857142,0.03345357142857106,0.21428571428571427,0.22857142857142856,-0.014285714285714285,-0.1,0.07142857142857142,0.008776273971126914,True,False,0.006703835380305969,True,False,False
scoring_ge05,openrca,L2,alertcount,max_z,openrca::mkt2,78,0.19653846153846155,0.19974358974358974,-0.003205128205128205,-0.08551282051282051,0.08012820512820513,0.2692307692307692,0.28205128205128205,-0.01282051282051282,-0.11538461538461539,0.08974358974358974,0.008776273971126914,True,False,0.006703835380305969,True,False,False
scoring_ge05,openrca,L2,alertcount,max_z,openrca::tel,51,0.2415686274509804,0.23176470588235296,0.009803921568627453,-0.0911764705882353,0.11098039215686274,0.2549019607843137,0.27450980392156865,-0.0196078431372549,-0.1568627450980392,0.09803921568627451,0.008776273971126914,False,False,0.006703835380305969,True,False,True
scoring_ge05,openrca,L2,alertcount,rcd,openrca::bank,136,0.17213235294117646,0.08904411764705882,0.08308823529411766,0.027744485294117646,0.13818933823529408,0.23529411764705882,0.10049019607843138,0.13480392156862747,0.058823529411764705,0.21323529411764705,0.0888711215255333,False,False,0.1220763305322129,False,False,False
scoring_ge05,openrca,L2,alertcount,rcd,openrca::mkt1,70,0.144,0.05085714285714285,0.09314285714285714,0.03823809523809524,0.15076547619047617,0.21428571428571427,0.06666666666666665,0.14761904761904762,0.04761904761904762,0.2523809523809524,0.0888711215255333,False,False,0.1220763305322129,False,False,False
scoring_ge05,openrca,L2,alertcount,rcd,openrca::mkt2,78,0.19653846153846155,0.06623931623931624,0.1302991452991453,0.05021367521367522,0.21042735042735045,0.2692307692307692,0.10256410256410255,0.16666666666666669,0.06410256410256411,0.2735042735042735,0.0888711215255333,False,False,0.1220763305322129,False,False,False
scoring_ge05,openrca,L2,alertcount,rcd,openrca::tel,51,0.2415686274509804,0.19261437908496734,0.04895424836601308,-0.022941176470588232,0.12411764705882353,0.2549019607843137,0.21568627450980393,0.0392156862745098,-0.0522875816993464,0.13725490196078433,0.0888711215255333,False,False,0.1220763305322129,False,False,False
scoring_ge05,openrca,L2,baro,cd1min,openrca::bank,136,0.16044117647058823,0.1648529411764706,-0.004411764705882352,-0.07426470588235294,0.06485294117647059,0.16911764705882354,0.19117647058823528,-0.022058823529411766,-0.10294117647058823,0.0590073529411738,-0.04376416720534368,False,False,-0.04745071105365223,False,False,False
scoring_ge05,openrca,L2,baro,cd1min,openrca::mkt1,70,0.05714285714285714,0.16085714285714287,-0.10371428571428572,-0.175,-0.039285714285714285,0.07142857142857142,0.21428571428571427,-0.14285714285714285,-0.24285714285714285,-0.04285714285714286,-0.04376416720534368,False,False,-0.04745071105365223,False,False,False
scoring_ge05,openrca,L2,baro,cd1min,openrca::mkt2,78,0.10576923076923077,0.19230769230769232,-0.08653846153846154,-0.16346153846153846,-0.01282051282051282,0.16666666666666666,0.23076923076923078,-0.0641025641025641,-0.16666666666666666,0.038461538461538464,-0.04376416720534368,False,False,-0.04745071105365223,False,False,False
scoring_ge05,openrca,L2,baro,cd1min,openrca::tel,51,0.18274509803921568,0.1631372549019608,0.0196078431372549,-0.09156862745098039,0.13392156862745097,0.19607843137254902,0.1568627450980392,0.0392156862745098,-0.0784313725490196,0.1568627450980392,-0.04376416720534368,True,False,-0.04745071105365223,True,False,False
scoring_ge05,openrca,L2,baro,e_diagnosis,openrca::bank,136,0.16044117647058823,0.03551470588235294,0.1249264705882353,0.06735294117647059,0.18441176470588233,0.16911764705882354,0.04411764705882353,0.125,0.058823529411764705,0.19117647058823528,0.08575914404223228,False,False,0.10155273647920708,False,False,False
scoring_ge05,openrca,L2,baro,e_diagnosis,openrca::mkt1,70,0.05714285714285714,0.038142857142857145,0.019,-0.020285714285714285,0.05928928571428566,0.07142857142857142,0.04285714285714286,0.02857142857142857,-0.04285714285714286,0.1,0.08575914404223228,False,False,0.10155273647920708,False,False,False
scoring_ge05,openrca,L2,baro,e_diagnosis,openrca::mkt2,78,0.10576923076923077,0.04371794871794872,0.06205128205128205,0.0053846153846153835,0.12192307692307693,0.16666666666666666,0.05128205128205128,0.11538461538461539,0.01282051282051282,0.21794871794871795,0.08575914404223228,False,False,0.10155273647920708,False,False,False
scoring_ge05,openrca,L2,baro,e_diagnosis,openrca::tel,51,0.18274509803921568,0.04568627450980392,0.13705882352941176,0.052156862745098044,0.23176470588235296,0.19607843137254902,0.058823529411764705,0.13725490196078433,0.0392156862745098,0.2549019607843137,0.08575914404223228,False,False,0.10155273647920708,False,False,False
scoring_ge05,openrca,L2,baro,max_z,openrca::bank,136,0.16044117647058823,0.12691176470588234,0.033529411764705884,-0.022205882352941173,0.09176470588235294,0.16911764705882354,0.16176470588235295,0.007352941176470588,-0.058823529411764705,0.07352941176470588,-0.053258995906054735,True,False,-0.08590147597500539,True,False,False
scoring_ge05,openrca,L2,baro,max_z,openrca::mkt1,70,0.05714285714285714,0.16071428571428573,-0.10357142857142858,-0.16328571428571428,-0.046992857142857246,0.07142857142857142,0.22857142857142856,-0.15714285714285714,-0.2714285714285714,-0.05714285714285714,-0.053258995906054735,False,False,-0.08590147597500539,False,False,False
scoring_ge05,openrca,L2,baro,max_z,openrca::mkt2,78,0.10576923076923077,0.19974358974358974,-0.09397435897435898,-0.1708974358974359,-0.019230769230769232,0.16666666666666666,0.28205128205128205,-0.11538461538461539,-0.21794871794871795,-0.01282051282051282,-0.053258995906054735,False,False,-0.08590147597500539,False,False,False
scoring_ge05,openrca,L2,baro,max_z,openrca::tel,51,0.18274509803921568,0.23176470588235296,-0.049019607843137254,-0.14705882352941177,0.0392156862745098,0.19607843137254902,0.27450980392156865,-0.0784313725490196,-0.19607843137254902,0.0196078431372549,-0.053258995906054735,False,False,-0.08590147597500539,False,False,False
scoring_ge05,openrca,L2,baro,rcd,openrca::bank,136,0.16044117647058823,0.08904411764705882,0.07139705882352942,0.018430759803921573,0.12654595588235293,0.16911764705882354,0.10049019607843138,0.06862745098039216,0.0024509803921568653,0.13725490196078433,0.02683585164835165,False,False,0.029471019176901533,False,False,False
scoring_ge05,openrca,L2,baro,rcd,openrca::mkt1,70,0.05714285714285714,0.05085714285714285,0.006285714285714286,-0.03538095238095238,0.048857142857142856,0.07142857142857142,0.06666666666666665,0.0047619047619047675,-0.07619047619047618,0.08571428571428573,0.02683585164835165,False,False,0.029471019176901533,False,False,False
scoring_ge05,openrca,L2,baro,rcd,openrca::mkt2,78,0.10576923076923077,0.06623931623931624,0.039529914529914535,-0.012820512820512818,0.09294871794871795,0.16666666666666666,0.10256410256410255,0.06410256410256411,-0.021367521367521358,0.15384615384615385,0.02683585164835165,False,False,0.029471019176901533,False,False,False
scoring_ge05,openrca,L2,baro,rcd,openrca::tel,51,0.18274509803921568,0.19261437908496734,-0.009869281045751629,-0.05777777777777777,0.03470588235294118,0.19607843137254902,0.21568627450980393,-0.019607843137254898,-0.0849673202614379,0.04575163398692811,0.02683585164835165,True,False,0.029471019176901533,True,False,False
scoring_ge05,openrca,L2,cd1min,e_diagnosis,openrca::bank,136,0.1648529411764706,0.03551470588235294,0.12933823529411764,0.07595588235294118,0.18647977941176455,0.19117647058823528,0.04411764705882353,0.14705882352941177,0.08088235294117647,0.22058823529411764,0.12952331124757596,False,False,0.1490034475328593,False,False,False
scoring_ge05,openrca,L2,cd1min,e_diagnosis,openrca::mkt1,70,0.16085714285714287,0.038142857142857145,0.1227142857142857,0.052425000000000006,0.1977142857142857,0.21428571428571427,0.04285714285714286,0.17142857142857143,0.05714285714285714,0.2857142857142857,0.12952331124757596,False,False,0.1490034475328593,False,False,False
scoring_ge05,openrca,L2,cd1min,e_diagnosis,openrca::mkt2,78,0.19230769230769232,0.04371794871794872,0.14858974358974358,0.0696153846153846,0.23294871794871796,0.23076923076923078,0.05128205128205128,0.1794871794871795,0.07692307692307693,0.2948717948717949,0.12952331124757596,False,False,0.1490034475328593,False,False,False
scoring_ge05,openrca,L2,cd1min,e_diagnosis,openrca::tel,51,0.1631372549019608,0.04568627450980392,0.11745098039215687,0.01627450980392157,0.2284313725490196,0.1568627450980392,0.058823529411764705,0.09803921568627451,-0.0196078431372549,0.21568627450980393,0.12952331124757596,False,False,0.1490034475328593,False,False,False
scoring_ge05,openrca,L2,cd1min,max_z,openrca::bank,136,0.1648529411764706,0.12691176470588234,0.037941176470588235,-0.029558823529411762,0.10595588235294118,0.19117647058823528,0.16176470588235295,0.029411764705882353,-0.058823529411764705,0.11764705882352941,-0.009494828700711055,True,False,-0.03845076492135316,True,False,False
scoring_ge05,openrca,L2,cd1min,max_z,openrca::mkt1,70,0.16085714285714287,0.16071428571428573,0.00014285714285714458,-0.07714285714285714,0.07271428571428572,0.21428571428571427,0.22857142857142856,-0.014285714285714285,-0.14285714285714285,0.1,-0.009494828700711055,True,False,-0.03845076492135316,False,False,True
scoring_ge05,openrca,L2,cd1min,max_z,openrca::mkt2,78,0.19230769230769232,0.19974358974358974,-0.0074358974358974365,-0.11,0.09833333333333333,0.23076923076923078,0.28205128205128205,-0.05128205128205128,-0.19230769230769232,0.08974358974358974,-0.009494828700711055,False,False,-0.03845076492135316,False,False,False
scoring_ge05,openrca,L2,cd1min,max_z,openrca::tel,51,0.1631372549019608,0.23176470588235296,-0.06862745098039216,-0.17980392156862746,0.04568627450980392,0.1568627450980392,0.27450980392156865,-0.11764705882352941,-0.2549019607843137,0.0196078431372549,-0.009494828700711055,False,False,-0.03845076492135316,False,False,False
scoring_ge05,openrca,L2,cd1min,rcd,openrca::bank,136,0.1648529411764706,0.08904411764705882,0.07580882352941176,0.02776960784313726,0.1267156862745098,0.19117647058823528,0.10049019607843138,0.09068627450980393,0.02696078431372549,0.15686274509803924,0.07060001885369532,False,False,0.07692173023055376,False,False,False
scoring_ge05,openrca,L2,cd1min,rcd,openrca::mkt1,70,0.16085714285714287,0.05085714285714285,0.10999999999999999,0.054047619047619046,0.17395833333333327,0.21428571428571427,0.06666666666666665,0.14761904761904762,0.06666666666666667,0.2380952380952381,0.07060001885369532,False,False,0.07692173023055376,False,False,False
scoring_ge05,openrca,L2,cd1min,rcd,openrca::mkt2,78,0.19230769230769232,0.06623931623931624,0.1260683760683761,0.061965811965811975,0.1955128205128205,0.23076923076923078,0.10256410256410255,0.1282051282051282,0.038461538461538464,0.22222222222222227,0.07060001885369532,False,False,0.07692173023055376,False,False,False
scoring_ge05,openrca,L2,cd1min,rcd,openrca::tel,51,0.1631372549019608,0.19261437908496734,-0.029477124183006537,-0.14705882352941177,0.08499019607843106,0.1568627450980392,0.21568627450980393,-0.058823529411764705,-0.1895424836601307,0.07189542483660132,0.07060001885369532,True,False,0.07692173023055376,True,False,False
scoring_ge05,openrca,L2,e_diagnosis,max_z,openrca::bank,136,0.03551470588235294,0.12691176470588234,-0.09139705882352941,-0.14161764705882351,-0.04360294117647059,0.04411764705882353,0.16176470588235295,-0.11764705882352941,-0.18382352941176472,-0.058823529411764705,-0.13901813994828702,False,False,-0.18745421245421248,False,False,False
scoring_ge05,openrca,L2,e_diagnosis,max_z,openrca::mkt1,70,0.038142857142857145,0.16071428571428573,-0.12257142857142857,-0.17514285714285713,-0.07257142857142858,0.04285714285714286,0.22857142857142856,-0.18571428571428572,-0.2857142857142857,-0.1,-0.13901813994828702,False,False,-0.18745421245421248,False,False,False
scoring_ge05,openrca,L2,e_diagnosis,max_z,openrca::mkt2,78,0.04371794871794872,0.19974358974358974,-0.15602564102564104,-0.22435897435897437,-0.0941025641025641,0.05128205128205128,0.28205128205128205,-0.23076923076923078,-0.32051282051282054,-0.14102564102564102,-0.13901813994828702,False,False,-0.18745421245421248,False,False,False
scoring_ge05,openrca,L2,e_diagnosis,max_z,openrca::tel,51,0.04568627450980392,0.23176470588235296,-0.18607843137254904,-0.2972549019607843,-0.07823529411764707,0.058823529411764705,0.27450980392156865,-0.21568627450980393,-0.35294117647058826,-0.0784313725490196,-0.13901813994828702,False,False,-0.18745421245421248,False,False,False
scoring_ge05,openrca,L2,e_diagnosis,rcd,openrca::bank,136,0.03551470588235294,0.08904411764705882,-0.05352941176470589,-0.09076225490196077,-0.018354166666666717,0.04411764705882353,0.10049019607843138,-0.05637254901960784,-0.10294117647058823,-0.01225490196078431,-0.058923292393880625,False,False,-0.07208171730230553,False,False,False
scoring_ge05,openrca,L2,e_diagnosis,rcd,openrca::mkt1,70,0.038142857142857145,0.05085714285714285,-0.01271428571428571,-0.05399999999999999,0.02704761904761905,0.04285714285714286,0.06666666666666665,-0.023809523809523805,-0.09523809523809523,0.04285714285714287,-0.058923292393880625,False,False,-0.07208171730230553,False,False,False
scoring_ge05,openrca,L2,e_diagnosis,rcd,openrca::mkt2,78,0.04371794871794872,0.06623931623931624,-0.02252136752136752,-0.07589743589743589,0.0245309829059829,0.05128205128205128,0.10256410256410255,-0.05128205128205128,-0.12393162393162392,0.02136752136752137,-0.058923292393880625,False,False,-0.07208171730230553,False,False,False
scoring_ge05,openrca,L2,e_diagnosis,rcd,openrca::tel,51,0.04568627450980392,0.19261437908496734,-0.1469281045751634,-0.2405882352941176,-0.06202614379084966,0.058823529411764705,0.21568627450980393,-0.1568627450980392,-0.2679738562091503,-0.0522875816993464,-0.058923292393880625,False,False,-0.07208171730230553,False,False,False
scoring_ge05,openrca,L2,max_z,rcd,openrca::bank,136,0.12691176470588234,0.08904411764705882,0.037867647058823534,-0.010784926470588237,0.08894852941176468,0.16176470588235295,0.10049019607843138,0.06127450980392157,-0.002450980392156854,0.12745098039215688,0.08009484755440638,False,False,0.11537249515190692,False,False,False
scoring_ge05,openrca,L2,max_z,rcd,openrca::mkt1,70,0.16071428571428573,0.05085714285714285,0.10985714285714285,0.045661904761904765,0.176525,0.22857142857142856,0.06666666666666665,0.1619047619047619,0.05238095238095238,0.27142857142857146,0.08009484755440638,False,False,0.11537249515190692,False,False,False
scoring_ge05,openrca,L2,max_z,rcd,openrca::mkt2,78,0.19974358974358974,0.06623931623931624,0.13350427350427352,0.05123931623931625,0.21581196581196585,0.28205128205128205,0.10256410256410255,0.17948717948717952,0.07264957264957266,0.29059829059829057,0.08009484755440638,False,False,0.11537249515190692,False,False,False
scoring_ge05,openrca,L2,max_z,rcd,openrca::tel,51,0.23176470588235296,0.19261437908496734,0.03915032679738562,-0.050130718954248366,0.13281045751633988,0.27450980392156865,0.21568627450980393,0.05882352941176471,-0.0522875816993464,0.17647058823529413,0.08009484755440638,False,False,0.11537249515190692,False,False,False
