subsystem_id,method,seed,n,coverage,acc_all,n_valid,hits,acc_valid_only
RE1::OB,alertcount,,125,1.0,0.392,125,49.0,0.392
RE1::OB,baro,,125,1.0,0.736,125,92.0,0.736
RE1::OB,causalrca,0.0,125,1.0,0.64,125,80.0,0.64
RE1::OB,causalrca,1.0,125,1.0,0.568,125,71.0,0.568
RE1::OB,causalrca,2.0,125,1.0,0.64,125,80.0,0.64
RE1::OB,cd1min,,125,1.0,0.728,125,91.0,0.728
RE1::OB,circa,,125,1.0,0.672,125,84.0,0.672
RE1::OB,e_diagnosis,,125,1.0,0.032,125,4.0,0.032
RE1::OB,max_z,,125,1.0,0.504,125,63.0,0.504
RE1::OB,rcd,0.0,125,1.0,0.528,125,66.0,0.528
RE1::OB,rcd,1.0,125,1.0,0.568,125,71.0,0.568
RE1::OB,rcd,2.0,125,1.0,0.528,125,66.0,0.528
RE1::SS,alertcount,,125,1.0,0.376,125,47.0,0.376
RE1::SS,baro,,125,1.0,0.848,125,106.0,0.848
RE1::SS,causalrca,0.0,125,1.0,0.256,125,32.0,0.256
RE1::SS,causalrca,1.0,125,1.0,0.152,125,19.0,0.152
RE1::SS,causalrca,2.0,125,1.0,0.12,125,15.0,0.12
RE1::SS,cd1min,,125,1.0,0.928,125,116.0,0.928
RE1::SS,circa,,125,1.0,0.704,125,88.0,0.704
RE1::SS,e_diagnosis,,125,1.0,0.144,125,18.0,0.144
RE1::SS,max_z,,125,1.0,0.744,125,93.0,0.744
RE1::SS,rcd,0.0,125,1.0,0.376,125,47.0,0.376
RE1::SS,rcd,1.0,125,1.0,0.384,125,48.0,0.384
RE1::SS,rcd,2.0,125,1.0,0.408,125,51.0,0.408
RE1::TT,alertcount,,125,1.0,0.048,125,6.0,0.048
RE1::TT,baro,,125,1.0,0.56,125,70.0,0.56
RE1::TT,causalrca,0.0,125,1.0,0.16,125,20.0,0.16
RE1::TT,causalrca,1.0,125,1.0,0.208,125,26.0,0.208
RE1::TT,causalrca,2.0,125,1.0,0.04,125,5.0,0.04
RE1::TT,cd1min,,125,1.0,0.28,125,35.0,0.28
RE1::TT,circa,,125,1.0,0.328,125,41.0,0.328
RE1::TT,e_diagnosis,,125,1.0,0.0,125,0.0,0.0
RE1::TT,max_z,,125,1.0,0.424,125,53.0,0.424
RE1::TT,rcd,0.0,125,1.0,0.072,125,9.0,0.072
RE1::TT,rcd,1.0,125,1.0,0.08,125,10.0,0.08
RE1::TT,rcd,2.0,125,1.0,0.112,125,14.0,0.112
RE2::OB,alertcount,,90,1.0,0.2111111111111111,90,19.0,0.2111111111111111
RE2::OB,baro,,90,1.0,0.14444444444444443,90,13.0,0.14444444444444443
RE2::OB,causalrca,0.0,90,1.0,0.2777777777777778,90,25.0,0.2777777777777778
RE2::OB,causalrca,1.0,90,1.0,0.15555555555555556,90,14.0,0.15555555555555556
RE2::OB,causalrca,2.0,90,1.0,0.18888888888888888,90,17.0,0.18888888888888888
RE2::OB,cd1min,,90,1.0,0.7333333333333333,90,66.0,0.7333333333333333
RE2::OB,circa,,90,1.0,0.6666666666666666,90,60.0,0.6666666666666666
RE2::OB,e_diagnosis,,90,1.0,0.03333333333333333,90,3.0,0.03333333333333333
RE2::OB,max_z,,90,1.0,0.7777777777777778,90,70.0,0.7777777777777778
RE2::OB,microrank,,90,1.0,0.0,90,0.0,0.0
RE2::OB,mmbaro,,90,1.0,0.16666666666666666,90,15.0,0.16666666666666666
RE2::OB,simplerca_author,,90,1.0,0.4666666666666667,90,42.0,0.4666666666666667
RE2::OB,tracerca,,90,1.0,0.1,90,9.0,0.1
RE2::SS,alertcount,,90,1.0,0.3888888888888889,90,35.0,0.3888888888888889
RE2::SS,baro,,90,1.0,0.06666666666666667,90,6.0,0.06666666666666667
RE2::SS,causalrca,0.0,90,1.0,0.14444444444444443,90,13.0,0.14444444444444443
RE2::SS,causalrca,1.0,90,1.0,0.17777777777777778,90,16.0,0.17777777777777778
RE2::SS,causalrca,2.0,90,1.0,0.12222222222222222,90,11.0,0.12222222222222222
RE2::SS,cd1min,,90,1.0,0.9444444444444444,90,85.0,0.9444444444444444
RE2::SS,circa,,90,1.0,0.7777777777777778,90,70.0,0.7777777777777778
RE2::SS,e_diagnosis,,90,1.0,0.15555555555555556,90,14.0,0.15555555555555556
RE2::SS,max_z,,90,1.0,0.8444444444444444,90,76.0,0.8444444444444444
RE2::SS,mmbaro,,90,1.0,0.06666666666666667,90,6.0,0.06666666666666667
RE2::SS,simplerca_author,,90,1.0,0.24444444444444444,90,22.0,0.24444444444444444
RE2::TT,alertcount,,90,1.0,0.2111111111111111,90,19.0,0.2111111111111111
RE2::TT,baro,,90,1.0,0.6666666666666666,90,60.0,0.6666666666666666
RE2::TT,causalrca,0.0,90,1.0,0.26666666666666666,90,24.0,0.26666666666666666
RE2::TT,causalrca,1.0,90,0.5222222222222223,0.13333333333333333,47,12.0,0.2553191489361702
RE2::TT,causalrca,2.0,90,1.0,0.2222222222222222,90,20.0,0.2222222222222222
RE2::TT,cd1min,,90,1.0,0.7888888888888889,90,71.0,0.7888888888888889
RE2::TT,circa,,90,1.0,0.5444444444444444,90,49.0,0.5444444444444444
RE2::TT,e_diagnosis,,90,1.0,0.0,90,0.0,0.0
RE2::TT,max_z,,90,1.0,0.4111111111111111,90,37.0,0.4111111111111111
RE2::TT,microrank,,90,0.8111111111111111,0.12222222222222222,73,11.0,0.1506849315068493
RE2::TT,mmbaro,,90,0.9888888888888889,0.6888888888888889,89,62.0,0.6966292134831461
RE2::TT,simplerca_author,,90,1.0,0.8,90,72.0,0.8
RE2::TT,tracerca,,90,0.8111111111111111,0.5333333333333333,73,48.0,0.6575342465753424
openrca::bank,alertcount,,136,1.0,0.17213235294117646,136,23.41,0.17213235294117646
openrca::bank,baro,,136,1.0,0.16044117647058823,136,21.82,0.16044117647058823
openrca::bank,cd1min,,136,0.9705882352941176,0.1648529411764706,132,22.42,0.16984848484848486
openrca::bank,e_diagnosis,,136,1.0,0.03551470588235294,136,4.83,0.03551470588235294
openrca::bank,max_z,,136,1.0,0.12691176470588236,136,17.26,0.12691176470588236
openrca::bank,rcd,0.0,136,1.0,0.09433823529411765,136,12.83,0.09433823529411765
openrca::bank,rcd,1.0,136,1.0,0.08698529411764706,136,11.83,0.08698529411764706
openrca::bank,rcd,2.0,136,1.0,0.08580882352941177,136,11.67,0.08580882352941177
openrca::mkt1,alertcount,,70,1.0,0.144,70,10.08,0.144
openrca::mkt1,baro,,70,1.0,0.05714285714285714,70,4.0,0.05714285714285714
openrca::mkt1,cd1min,,70,1.0,0.16085714285714287,70,11.26,0.16085714285714287
openrca::mkt1,e_diagnosis,,70,1.0,0.038142857142857145,70,2.67,0.038142857142857145
openrca::mkt1,max_z,,70,1.0,0.16071428571428573,70,11.25,0.16071428571428573
openrca::mkt1,rcd,0.0,70,0.9,0.05714285714285714,63,4.0,0.06349206349206349
openrca::mkt1,rcd,1.0,70,0.8857142857142857,0.03585714285714285,62,2.51,0.04048387096774193
openrca::mkt1,rcd,2.0,70,0.9,0.059571428571428574,63,4.17,0.06619047619047619
openrca::mkt2,alertcount,,78,1.0,0.19653846153846155,78,15.33,0.19653846153846155
openrca::mkt2,baro,,78,1.0,0.10576923076923077,78,8.25,0.10576923076923077
openrca::mkt2,cd1min,,78,1.0,0.19230769230769232,78,15.0,0.19230769230769232
openrca::mkt2,e_diagnosis,,78,1.0,0.04371794871794872,78,3.41,0.04371794871794872
openrca::mkt2,max_z,,78,1.0,0.19974358974358974,78,15.58,0.19974358974358974
openrca::mkt2,rcd,0.0,78,0.9487179487179487,0.07371794871794872,74,5.75,0.0777027027027027
openrca::mkt2,rcd,1.0,78,0.9358974358974359,0.057692307692307696,73,4.5,0.06164383561643835
openrca::mkt2,rcd,2.0,78,0.9487179487179487,0.0673076923076923,74,5.25,0.07094594594594594
openrca::tel,alertcount,,51,1.0,0.2415686274509804,51,12.32,0.2415686274509804
openrca::tel,baro,,51,1.0,0.18274509803921568,51,9.32,0.18274509803921568
openrca::tel,cd1min,,51,0.9215686274509803,0.1631372549019608,47,8.32,0.17702127659574468
openrca::tel,e_diagnosis,,51,0.37254901960784315,0.04568627450980392,19,2.33,0.12263157894736842
openrca::tel,max_z,,51,1.0,0.23176470588235296,51,11.82,0.23176470588235296
openrca::tel,rcd,0.0,51,0.9803921568627451,0.18274509803921568,50,9.32,0.1864
openrca::tel,rcd,1.0,51,0.9803921568627451,0.21882352941176472,50,11.16,0.2232
openrca::tel,rcd,2.0,51,0.9607843137254902,0.17627450980392156,49,8.99,0.18346938775510205
petshop::high_traffic,alertcount,,26,1.0,0.038461538461538464,26,1.0,0.038461538461538464
petshop::high_traffic,baro,,26,1.0,0.15384615384615385,26,4.0,0.15384615384615385
petshop::high_traffic,baseline,,26,0.9230769230769231,0.38461538461538464,24,10.0,0.4166666666666667
petshop::high_traffic,cd1min,,26,1.0,0.0,26,0.0,0.0
petshop::high_traffic,circa,,26,1.0,0.2692307692307692,26,7.0,0.2692307692307692
petshop::high_traffic,counterfactual_attribution,,26,1.0,0.3076923076923077,26,8.0,0.3076923076923077
petshop::high_traffic,epsilon_diagnosis,,26,0.6153846153846154,0.0,16,0.0,0.0
petshop::high_traffic,max_z,,26,1.0,0.07692307692307693,26,2.0,0.07692307692307693
petshop::high_traffic,random_walk,,26,0.9230769230769231,0.0,24,0.0,0.0
petshop::high_traffic,ranked_correlation,,26,0.9230769230769231,0.7307692307692307,24,19.0,0.7916666666666666
petshop::high_traffic,rcd,,26,1.0,0.0,26,0.0,0.0
petshop::low_traffic,alertcount,,26,1.0,0.0,26,0.0,0.0
petshop::low_traffic,baro,,26,1.0,0.15384615384615385,26,4.0,0.15384615384615385
petshop::low_traffic,baseline,,26,0.8846153846153846,0.5769230769230769,23,15.0,0.6521739130434783
petshop::low_traffic,cd1min,,26,1.0,0.038461538461538464,26,1.0,0.038461538461538464
petshop::low_traffic,circa,,26,1.0,0.38461538461538464,26,10.0,0.38461538461538464
petshop::low_traffic,counterfactual_attribution,,26,1.0,0.15384615384615385,26,4.0,0.15384615384615385
petshop::low_traffic,epsilon_diagnosis,,26,0.6538461538461539,0.0,17,0.0,0.0
petshop::low_traffic,max_z,,26,1.0,0.19230769230769232,26,5.0,0.19230769230769232
petshop::low_traffic,random_walk,,26,0.8846153846153846,0.0,23,0.0,0.0
petshop::low_traffic,ranked_correlation,,26,0.8846153846153846,0.5769230769230769,23,15.0,0.6521739130434783
petshop::low_traffic,rcd,,26,1.0,0.34615384615384615,26,9.0,0.34615384615384615
petshop::temporal_traffic1,alertcount,,8,1.0,0.0,8,0.0,0.0
petshop::temporal_traffic1,baro,,8,1.0,0.25,8,2.0,0.25
petshop::temporal_traffic1,baseline,,8,1.0,0.625,8,5.0,0.625
petshop::temporal_traffic1,cd1min,,8,1.0,0.125,8,1.0,0.125
petshop::temporal_traffic1,circa,,8,1.0,0.5,8,4.0,0.5
petshop::temporal_traffic1,counterfactual_attribution,,8,1.0,0.125,8,1.0,0.125
petshop::temporal_traffic1,epsilon_diagnosis,,8,0.75,0.0,6,0.0,0.0
petshop::temporal_traffic1,max_z,,8,1.0,0.375,8,3.0,0.375
petshop::temporal_traffic1,random_walk,,8,1.0,0.125,8,1.0,0.125
petshop::temporal_traffic1,ranked_correlation,,8,1.0,0.75,8,6.0,0.75
petshop::temporal_traffic1,rcd,,8,1.0,0.625,8,5.0,0.625
petshop::temporal_traffic2,alertcount,,8,1.0,0.25,8,2.0,0.25
petshop::temporal_traffic2,baro,,8,1.0,0.25,8,2.0,0.25
petshop::temporal_traffic2,baseline,,8,1.0,0.875,8,7.0,0.875
petshop::temporal_traffic2,cd1min,,8,1.0,0.125,8,1.0,0.125
petshop::temporal_traffic2,circa,,8,1.0,0.625,8,5.0,0.625
petshop::temporal_traffic2,counterfactual_attribution,,8,1.0,0.25,8,2.0,0.25
petshop::temporal_traffic2,epsilon_diagnosis,,8,1.0,0.125,8,1.0,0.125
petshop::temporal_traffic2,max_z,,8,1.0,0.375,8,3.0,0.375
petshop::temporal_traffic2,random_walk,,8,1.0,0.0,8,0.0,0.0
petshop::temporal_traffic2,ranked_correlation,,8,1.0,0.5,8,4.0,0.5
petshop::temporal_traffic2,rcd,,8,1.0,0.375,8,3.0,0.375
