layer,a,b,app,delta_re1,delta_re2_all,delta_re2_re1faults,agree_all,agree_re1faults
L1,baro,causalrca,OB,0.12,-0.062962962962963,-0.062222222222222234,False,False
L1,baro,causalrca,SS,0.6719999999999999,-0.0814814814814815,-0.08,False,False
L1,baro,causalrca,TT,0.42400000000000004,0.4592592592592592,0.47111111111111115,True,True
L1,baro,circa,OB,0.06399999999999995,-0.5222222222222221,-0.5066666666666667,False,False
L1,baro,circa,SS,0.14400000000000002,-0.7111111111111111,-0.6933333333333334,False,False
L1,baro,circa,TT,0.23200000000000004,0.12222222222222223,0.1866666666666667,True,True
L1,baro,e_diagnosis,OB,0.704,0.1111111111111111,0.13333333333333333,True,True
L1,baro,e_diagnosis,SS,0.704,-0.08888888888888889,-0.09333333333333334,False,False
L1,baro,e_diagnosis,TT,0.56,0.6666666666666666,0.68,True,True
L1,causalrca,circa,OB,-0.05600000000000005,-0.4592592592592592,-0.4444444444444445,True,True
L1,causalrca,circa,SS,-0.528,-0.6296296296296297,-0.6133333333333333,True,True
L1,causalrca,circa,TT,-0.192,-0.33703703703703697,-0.2844444444444445,True,True
L1,causalrca,e_diagnosis,OB,0.584,0.1740740740740741,0.19555555555555557,True,True
L1,causalrca,e_diagnosis,SS,0.032,-0.00740740740740739,-0.013333333333333336,False,False
L1,causalrca,e_diagnosis,TT,0.136,0.20740740740740743,0.20888888888888887,True,True
L1,circa,e_diagnosis,OB,0.64,0.6333333333333333,0.64,True,True
L1,circa,e_diagnosis,SS,0.5599999999999999,0.6222222222222222,0.6,True,True
L1,circa,e_diagnosis,TT,0.328,0.5444444444444444,0.49333333333333335,True,True
L2,alertcount,baro,OB,-0.344,0.06666666666666668,0.053333333333333316,False,False
L2,alertcount,baro,SS,-0.472,0.32222222222222224,0.3333333333333333,False,False
L2,alertcount,baro,TT,-0.512,-0.4555555555555555,-0.48000000000000004,True,True
L2,alertcount,causalrca,OB,-0.22399999999999998,0.0037037037037036813,-0.008888888888888918,False,True
L2,alertcount,causalrca,SS,0.2,0.24074074074074073,0.2533333333333333,True,True
L2,alertcount,causalrca,TT,-0.08800000000000001,0.0037037037037036813,-0.008888888888888863,False,True
L2,alertcount,cd1min,OB,-0.33599999999999997,-0.5222222222222221,-0.5066666666666666,True,True
L2,alertcount,cd1min,SS,-0.552,-0.5555555555555556,-0.52,True,True
L2,alertcount,cd1min,TT,-0.23200000000000004,-0.5777777777777777,-0.5733333333333333,True,True
L2,alertcount,circa,OB,-0.28,-0.4555555555555555,-0.45333333333333337,True,True
L2,alertcount,circa,SS,-0.32799999999999996,-0.3888888888888889,-0.36,True,True
L2,alertcount,circa,TT,-0.28,-0.33333333333333326,-0.29333333333333333,True,True
L2,alertcount,e_diagnosis,OB,0.36,0.17777777777777778,0.18666666666666665,True,True
L2,alertcount,e_diagnosis,SS,0.232,0.23333333333333334,0.24,True,True
L2,alertcount,e_diagnosis,TT,0.048,0.2111111111111111,0.2,True,True
L2,alertcount,max_z,OB,-0.11199999999999999,-0.5666666666666667,-0.5466666666666666,True,True
L2,alertcount,max_z,SS,-0.368,-0.45555555555555555,-0.44000000000000006,True,True
L2,alertcount,max_z,TT,-0.376,-0.19999999999999998,-0.22666666666666668,True,True
L2,baro,causalrca,OB,0.12,-0.062962962962963,-0.062222222222222234,False,False
L2,baro,causalrca,SS,0.6719999999999999,-0.0814814814814815,-0.08,False,False
L2,baro,causalrca,TT,0.42400000000000004,0.4592592592592592,0.47111111111111115,True,True
L2,baro,cd1min,OB,0.008000000000000007,-0.5888888888888888,-0.5599999999999999,False,False
L2,baro,cd1min,SS,-0.08000000000000007,-0.8777777777777778,-0.8533333333333334,True,True
L2,baro,cd1min,TT,0.28,-0.12222222222222223,-0.09333333333333327,False,False
L2,baro,circa,OB,0.06399999999999995,-0.5222222222222221,-0.5066666666666667,False,False
L2,baro,circa,SS,0.14400000000000002,-0.7111111111111111,-0.6933333333333334,False,False
L2,baro,circa,TT,0.23200000000000004,0.12222222222222223,0.1866666666666667,True,True
L2,baro,e_diagnosis,OB,0.704,0.1111111111111111,0.13333333333333333,True,True
L2,baro,e_diagnosis,SS,0.704,-0.08888888888888889,-0.09333333333333334,False,False
L2,baro,e_diagnosis,TT,0.56,0.6666666666666666,0.68,True,True
L2,baro,max_z,OB,0.23199999999999998,-0.6333333333333333,-0.6,False,False
L2,baro,max_z,SS,0.10399999999999998,-0.7777777777777778,-0.7733333333333334,False,False
L2,baro,max_z,TT,0.13600000000000007,0.25555555555555554,0.25333333333333335,True,True
L2,causalrca,cd1min,OB,-0.11199999999999999,-0.5259259259259259,-0.4977777777777777,True,True
L2,causalrca,cd1min,SS,-0.752,-0.7962962962962963,-0.7733333333333333,True,True
L2,causalrca,cd1min,TT,-0.14400000000000002,-0.5814814814814815,-0.5644444444444444,True,True
L2,causalrca,circa,OB,-0.05600000000000005,-0.4592592592592592,-0.4444444444444445,True,True
L2,causalrca,circa,SS,-0.528,-0.6296296296296297,-0.6133333333333333,True,True
L2,causalrca,circa,TT,-0.192,-0.33703703703703697,-0.2844444444444445,True,True
L2,causalrca,e_diagnosis,OB,0.584,0.1740740740740741,0.19555555555555557,True,True
L2,causalrca,e_diagnosis,SS,0.032,-0.00740740740740739,-0.013333333333333336,False,False
L2,causalrca,e_diagnosis,TT,0.136,0.20740740740740743,0.20888888888888887,True,True
L2,causalrca,max_z,OB,0.11199999999999999,-0.5703703703703704,-0.5377777777777777,False,False
L2,causalrca,max_z,SS,-0.5680000000000001,-0.6962962962962963,-0.6933333333333334,True,True
L2,causalrca,max_z,TT,-0.288,-0.20370370370370366,-0.21777777777777782,True,True
L2,cd1min,circa,OB,0.05599999999999994,0.06666666666666665,0.05333333333333323,True,True
L2,cd1min,circa,SS,0.2240000000000001,0.16666666666666663,0.16000000000000003,True,True
L2,cd1min,circa,TT,-0.04799999999999999,0.24444444444444446,0.27999999999999997,False,False
L2,cd1min,e_diagnosis,OB,0.696,0.7,0.6933333333333332,True,True
L2,cd1min,e_diagnosis,SS,0.784,0.7888888888888889,0.76,True,True
L2,cd1min,e_diagnosis,TT,0.28,0.7888888888888889,0.7733333333333333,True,True
L2,cd1min,max_z,OB,0.22399999999999998,-0.04444444444444451,-0.040000000000000036,False,False
L2,cd1min,max_z,SS,0.18400000000000005,0.09999999999999998,0.07999999999999996,True,True
L2,cd1min,max_z,TT,-0.14399999999999996,0.37777777777777777,0.3466666666666666,False,False
L2,circa,e_diagnosis,OB,0.64,0.6333333333333333,0.64,True,True
L2,circa,e_diagnosis,SS,0.5599999999999999,0.6222222222222222,0.6,True,True
L2,circa,e_diagnosis,TT,0.328,0.5444444444444444,0.49333333333333335,True,True
L2,circa,max_z,OB,0.16800000000000004,-0.11111111111111116,-0.09333333333333327,False,False
L2,circa,max_z,SS,-0.040000000000000036,-0.06666666666666665,-0.08000000000000007,True,True
L2,circa,max_z,TT,-0.09599999999999997,0.1333333333333333,0.06666666666666665,False,False
L2,e_diagnosis,max_z,OB,-0.472,-0.7444444444444445,-0.7333333333333333,True,True
L2,e_diagnosis,max_z,SS,-0.6,-0.6888888888888889,-0.68,True,True
L2,e_diagnosis,max_z,TT,-0.424,-0.4111111111111111,-0.4266666666666667,True,True
