factor,family,layer,sub,n_methods,kendall_tau,top_ref,top_alt
input_representation,RE1,L1,RE1::OB,4,1.0,baro,baro
input_representation,RE1,L1,RE1::SS,4,0.18257418583505539,baro,rcd
input_representation,RE1,L1,RE1::TT,4,0.5477225575051662,baro,baro
input_representation,RE1,L2,RE1::OB,7,1.0,baro,baro
input_representation,RE1,L2,RE1::SS,7,0.39036002917941326,cd1min,cd1min
input_representation,RE1,L2,RE1::TT,7,0.19518001458970663,baro,cd1min
input_representation,RE2,L2,RE2::OB,4,1.0,max_z,max_z
input_representation,RE2,L2,RE2::SS,4,0.6666666666666669,cd1min,max_z
input_representation,RE2,L2,RE2::TT,4,-0.3333333333333334,cd1min,alertcount
release_defect,RE1,L1,RE1::OB,5,0.6,baro,baro
release_defect,RE1,L1,RE1::SS,5,0.9999999999999999,baro,baro
release_defect,RE1,L1,RE1::TT,5,0.9999999999999999,baro,baro
release_defect,RE1,L2,RE1::OB,8,0.7857142857142856,baro,baro
release_defect,RE1,L2,RE1::SS,8,0.9999999999999998,cd1min,cd1min
release_defect,RE1,L2,RE1::TT,8,0.9999999999999998,baro,baro
scoring_strict,openrca,L1,openrca::bank,3,1.0,baro,baro
scoring_strict,openrca,L1,openrca::mkt1,3,,baro,baro
scoring_strict,openrca,L1,openrca::mkt2,3,0.816496580927726,baro,baro
scoring_strict,openrca,L1,openrca::tel,3,1.0,rcd,rcd
scoring_strict,openrca,L2,openrca::bank,6,0.6900655593423543,alertcount,baro
scoring_strict,openrca,L2,openrca::mkt1,6,0.894427190999916,cd1min,cd1min
scoring_strict,openrca,L2,openrca::mkt2,6,0.5520524474738833,max_z,cd1min
scoring_strict,openrca,L2,openrca::tel,6,0.9660917830792959,alertcount,alertcount
scoring_ge05,openrca,L1,openrca::bank,3,1.0,baro,baro
scoring_ge05,openrca,L1,openrca::mkt1,3,1.0,baro,baro
scoring_ge05,openrca,L1,openrca::mkt2,3,1.0,baro,baro
scoring_ge05,openrca,L1,openrca::tel,3,1.0,rcd,rcd
scoring_ge05,openrca,L2,openrca::bank,6,0.9999999999999999,alertcount,alertcount
scoring_ge05,openrca,L2,openrca::mkt1,6,0.8280786712108251,cd1min,max_z
scoring_ge05,openrca,L2,openrca::mkt2,6,0.9999999999999999,max_z,max_z
scoring_ge05,openrca,L2,openrca::tel,6,0.8666666666666666,alertcount,max_z
denominator_valid_only,RE1,L1,RE1::OB,5,0.9999999999999999,baro,baro
denominator_valid_only,RE1,L1,RE1::SS,5,0.9999999999999999,baro,baro
denominator_valid_only,RE1,L1,RE1::TT,5,0.9999999999999999,baro,baro
denominator_valid_only,RE1,L2,RE1::OB,8,0.9999999999999998,baro,baro
denominator_valid_only,RE1,L2,RE1::SS,8,0.9999999999999998,cd1min,cd1min
denominator_valid_only,RE1,L2,RE1::TT,8,0.9999999999999998,baro,baro
denominator_valid_only,RE2,L1,RE2::OB,8,0.9999999999999998,circa,circa
denominator_valid_only,RE2,L1,RE2::SS,8,,circa,circa
denominator_valid_only,RE2,L1,RE2::TT,8,0.9285714285714285,simplerca_author,simplerca_author
denominator_valid_only,RE2,L2,RE2::OB,11,1.0,max_z,max_z
denominator_valid_only,RE2,L2,RE2::SS,11,,cd1min,cd1min
denominator_valid_only,RE2,L2,RE2::TT,11,0.9272727272727274,simplerca_author,simplerca_author
denominator_valid_only,openrca,L1,openrca::bank,3,1.0,baro,baro
denominator_valid_only,openrca,L1,openrca::mkt1,3,1.0,baro,baro
denominator_valid_only,openrca,L1,openrca::mkt2,3,1.0,baro,baro
denominator_valid_only,openrca,L1,openrca::tel,3,1.0,rcd,rcd
denominator_valid_only,openrca,L2,openrca::bank,6,0.9999999999999999,alertcount,alertcount
denominator_valid_only,openrca,L2,openrca::mkt1,6,0.9999999999999999,cd1min,cd1min
denominator_valid_only,openrca,L2,openrca::mkt2,6,0.9999999999999999,max_z,max_z
denominator_valid_only,openrca,L2,openrca::tel,6,0.9999999999999999,alertcount,alertcount
denominator_valid_only,petshop,L1,petshop::high_traffic,5,1.0,counterfactual_attribution,counterfactual_attribution
denominator_valid_only,petshop,L1,petshop::low_traffic,5,1.0,circa,circa
denominator_valid_only,petshop,L1,petshop::temporal_traffic1,5,0.9999999999999999,rcd,rcd
denominator_valid_only,petshop,L1,petshop::temporal_traffic2,5,1.0,circa,circa
denominator_valid_only,petshop,L2,petshop::high_traffic,11,1.0,ranked_correlation,ranked_correlation
denominator_valid_only,petshop,L2,petshop::low_traffic,11,0.9999999999999999,baseline,baseline
denominator_valid_only,petshop,L2,petshop::temporal_traffic1,11,0.9999999999999999,ranked_correlation,ranked_correlation
denominator_valid_only,petshop,L2,petshop::temporal_traffic2,11,0.9999999999999999,baseline,baseline
