subsystem_id,method,score,score_strict,ge05
openrca::bank,alertcount,0.17213235294117646,0.08088235294117647,0.23529411764705882
openrca::bank,baro,0.16044117647058823,0.09558823529411764,0.16911764705882354
openrca::bank,cd1min,0.1648529411764706,0.09558823529411764,0.19117647058823528
openrca::bank,e_diagnosis,0.03551470588235294,0.022058823529411766,0.04411764705882353
openrca::bank,max_z,0.12691176470588236,0.058823529411764705,0.16176470588235295
openrca::bank,rcd,0.08904411764705882,0.04901960784313725,0.08088235294117647
openrca::mkt1,alertcount,0.144,0.014285714285714285,0.21428571428571427
openrca::mkt1,baro,0.05714285714285714,0.0,0.07142857142857142
openrca::mkt1,cd1min,0.16085714285714287,0.05714285714285714,0.21428571428571427
openrca::mkt1,e_diagnosis,0.038142857142857145,0.0,0.04285714285714286
openrca::mkt1,max_z,0.16071428571428573,0.02857142857142857,0.22857142857142856
openrca::mkt1,rcd,0.05085714285714286,0.0,0.04285714285714286
openrca::mkt2,alertcount,0.19653846153846155,0.08974358974358974,0.2692307692307692
openrca::mkt2,baro,0.10576923076923077,0.02564102564102564,0.16666666666666666
openrca::mkt2,cd1min,0.19230769230769232,0.11538461538461539,0.23076923076923078
openrca::mkt2,e_diagnosis,0.04371794871794872,0.0,0.05128205128205128
openrca::mkt2,max_z,0.19974358974358974,0.07692307692307693,0.28205128205128205
openrca::mkt2,rcd,0.06623931623931623,0.02564102564102564,0.05128205128205128
openrca::tel,alertcount,0.2415686274509804,0.1568627450980392,0.2549019607843137
openrca::tel,baro,0.18274509803921568,0.11764705882352941,0.19607843137254902
openrca::tel,cd1min,0.1631372549019608,0.11764705882352941,0.1568627450980392
openrca::tel,e_diagnosis,0.04568627450980392,0.0196078431372549,0.058823529411764705
openrca::tel,max_z,0.23176470588235296,0.13725490196078433,0.27450980392156865
openrca::tel,rcd,0.19261437908496734,0.1241830065359477,0.21568627450980393
