family,layer,variant,a,b,sub,n,acc_a,acc_b,delta,lo,hi
ALL11,X4,mean,alertcount,baro,RE1::OB,125,0.392,0.736,-0.344,-0.44,-0.2478000000000029
ALL11,X4,mean,alertcount,baro,RE1::SS,125,0.376,0.848,-0.472,-0.576,-0.36
ALL11,X4,mean,alertcount,baro,RE1::TT,125,0.048,0.56,-0.512,-0.608,-0.408
ALL11,X4,mean,alertcount,baro,openrca::bank,136,0.17213235294117646,0.16044117647058823,0.011691176470588234,-0.048382352941176474,0.07051470588235294
ALL11,X4,mean,alertcount,baro,openrca::mkt1,70,0.144,0.05714285714285714,0.08685714285714285,0.022571428571428572,0.15242857142857144
ALL11,X4,mean,alertcount,baro,openrca::mkt2,78,0.19653846153846155,0.10576923076923077,0.09076923076923077,0.02564102564102564,0.16027884615384583
ALL11,X4,mean,alertcount,baro,openrca::tel,51,0.2415686274509804,0.18274509803921568,0.058823529411764705,0.003137254901960786,0.12745098039215685
ALL11,X4,mean,alertcount,baro,petshop::high_traffic,26,0.038461538461538464,0.15384615384615385,-0.11538461538461539,-0.2692307692307692,0.038461538461538464
ALL11,X4,mean,alertcount,baro,petshop::low_traffic,26,0.0,0.15384615384615385,-0.15384615384615385,-0.3076923076923077,-0.038461538461538464
ALL11,X4,mean,alertcount,baro,petshop::temporal_traffic1,8,0.0,0.25,-0.25,-0.5,0.0
ALL11,X4,mean,alertcount,baro,petshop::temporal_traffic2,8,0.25,0.25,0.0,-0.375,0.375
ALL11,X4,mean,alertcount,cd1min,RE1::OB,125,0.392,0.728,-0.336,-0.448,-0.224
ALL11,X4,mean,alertcount,cd1min,RE1::SS,125,0.376,0.928,-0.552,-0.648,-0.448
ALL11,X4,mean,alertcount,cd1min,RE1::TT,125,0.048,0.28,-0.232,-0.328,-0.144
ALL11,X4,mean,alertcount,cd1min,openrca::bank,136,0.17213235294117646,0.1648529411764706,0.007279411764705882,-0.06566176470588235,0.07911948529411762
ALL11,X4,mean,alertcount,cd1min,openrca::mkt1,70,0.144,0.16085714285714287,-0.01685714285714286,-0.08342857142857142,0.04985714285714286
ALL11,X4,mean,alertcount,cd1min,openrca::mkt2,78,0.19653846153846155,0.19230769230769232,0.004230769230769231,-0.09512820512820512,0.10576923076923077
ALL11,X4,mean,alertcount,cd1min,openrca::tel,51,0.2415686274509804,0.1631372549019608,0.0784313725490196,-0.04882843137254902,0.20901960784313725
ALL11,X4,mean,alertcount,cd1min,petshop::high_traffic,26,0.038461538461538464,0.0,0.038461538461538464,0.0,0.11538461538461539
ALL11,X4,mean,alertcount,cd1min,petshop::low_traffic,26,0.0,0.038461538461538464,-0.038461538461538464,-0.11538461538461539,0.0
ALL11,X4,mean,alertcount,cd1min,petshop::temporal_traffic1,8,0.0,0.125,-0.125,-0.375,0.0
ALL11,X4,mean,alertcount,cd1min,petshop::temporal_traffic2,8,0.25,0.125,0.125,-0.25,0.5
ALL11,X4,mean,alertcount,e_diagnosis,RE1::OB,125,0.392,0.032,0.36,0.272,0.448
ALL11,X4,mean,alertcount,e_diagnosis,RE1::SS,125,0.376,0.144,0.232,0.12,0.344
ALL11,X4,mean,alertcount,e_diagnosis,RE1::TT,125,0.048,0.0,0.048,0.016,0.088
ALL11,X4,mean,alertcount,e_diagnosis,openrca::bank,136,0.17213235294117646,0.03551470588235294,0.1366176470588235,0.08448529411764706,0.19058823529411767
ALL11,X4,mean,alertcount,e_diagnosis,openrca::mkt1,70,0.144,0.038142857142857145,0.10585714285714286,0.053264285714285736,0.1605714285714286
ALL11,X4,mean,alertcount,e_diagnosis,openrca::mkt2,78,0.19653846153846155,0.04371794871794872,0.15282051282051282,0.08243589743589744,0.22756410256410256
ALL11,X4,mean,alertcount,e_diagnosis,openrca::tel,51,0.2415686274509804,0.04568627450980392,0.19588235294117648,0.09784313725490197,0.3037254901960784
ALL11,X4,mean,alertcount,e_diagnosis,petshop::high_traffic,26,0.038461538461538464,0.0,0.038461538461538464,0.0,0.11538461538461539
ALL11,X4,mean,alertcount,e_diagnosis,petshop::low_traffic,26,0.0,0.0,0.0,0.0,0.0
ALL11,X4,mean,alertcount,e_diagnosis,petshop::temporal_traffic1,8,0.0,0.0,0.0,0.0,0.0
ALL11,X4,mean,alertcount,e_diagnosis,petshop::temporal_traffic2,8,0.25,0.125,0.125,-0.25,0.5
ALL11,X4,mean,alertcount,max_z,RE1::OB,125,0.392,0.504,-0.112,-0.224,0.0
ALL11,X4,mean,alertcount,max_z,RE1::SS,125,0.376,0.744,-0.368,-0.488,-0.248
ALL11,X4,mean,alertcount,max_z,RE1::TT,125,0.048,0.424,-0.376,-0.472,-0.28
ALL11,X4,mean,alertcount,max_z,openrca::bank,136,0.17213235294117646,0.12691176470588234,0.045220588235294124,-0.008088235294117644,0.09904595588235292
ALL11,X4,mean,alertcount,max_z,openrca::mkt1,70,0.144,0.16071428571428573,-0.016714285714285716,-0.07128571428571429,0.03457142857142857
ALL11,X4,mean,alertcount,max_z,openrca::mkt2,78,0.19653846153846155,0.19974358974358974,-0.003205128205128205,-0.08551282051282051,0.0791025641025641
ALL11,X4,mean,alertcount,max_z,openrca::tel,51,0.2415686274509804,0.23176470588235296,0.009803921568627453,-0.08823529411764706,0.1080392156862745
ALL11,X4,mean,alertcount,max_z,petshop::high_traffic,26,0.038461538461538464,0.07692307692307693,-0.038461538461538464,-0.15384615384615385,0.07692307692307693
ALL11,X4,mean,alertcount,max_z,petshop::low_traffic,26,0.0,0.19230769230769232,-0.19230769230769232,-0.34615384615384615,-0.038461538461538464
ALL11,X4,mean,alertcount,max_z,petshop::temporal_traffic1,8,0.0,0.375,-0.375,-0.75,-0.125
ALL11,X4,mean,alertcount,max_z,petshop::temporal_traffic2,8,0.25,0.375,-0.125,-0.5,0.25
ALL11,X4,mean,alertcount,rcd,RE1::OB,125,0.392,0.5413333333333334,-0.14933333333333335,-0.25333333333333335,-0.04533333333333332
ALL11,X4,mean,alertcount,rcd,RE1::SS,125,0.376,0.3893333333333333,-0.013333333333333327,-0.12799999999999997,0.10400000000000001
ALL11,X4,mean,alertcount,rcd,RE1::TT,125,0.048,0.088,-0.03999999999999999,-0.096,0.016
ALL11,X4,mean,alertcount,rcd,openrca::bank,136,0.17213235294117646,0.08904411764705882,0.08308823529411766,0.02766973039215687,0.13821139705882352
ALL11,X4,mean,alertcount,rcd,openrca::mkt1,70,0.144,0.05085714285714285,0.09314285714285714,0.03714166666666666,0.1511916666666667
ALL11,X4,mean,alertcount,rcd,openrca::mkt2,78,0.19653846153846155,0.06623931623931624,0.1302991452991453,0.05330876068376071,0.21260683760683763
ALL11,X4,mean,alertcount,rcd,openrca::tel,51,0.2415686274509804,0.19261437908496734,0.04895424836601308,-0.019803921568627453,0.1261437908496732
ALL11,X4,mean,alertcount,rcd,petshop::high_traffic,26,0.038461538461538464,0.0,0.038461538461538464,0.0,0.11538461538461539
ALL11,X4,mean,alertcount,rcd,petshop::low_traffic,26,0.0,0.34615384615384615,-0.34615384615384615,-0.5384615384615384,-0.15384615384615385
ALL11,X4,mean,alertcount,rcd,petshop::temporal_traffic1,8,0.0,0.625,-0.625,-0.875,-0.25
ALL11,X4,mean,alertcount,rcd,petshop::temporal_traffic2,8,0.25,0.375,-0.125,-0.625,0.375
ALL11,X4,mean,baro,cd1min,RE1::OB,125,0.736,0.728,0.008,-0.08,0.096
ALL11,X4,mean,baro,cd1min,RE1::SS,125,0.848,0.928,-0.08,-0.136,-0.024
ALL11,X4,mean,baro,cd1min,RE1::TT,125,0.56,0.28,0.28,0.16,0.392
ALL11,X4,mean,baro,cd1min,openrca::bank,136,0.16044117647058823,0.1648529411764706,-0.004411764705882352,-0.0748547794117647,0.0649264705882353
ALL11,X4,mean,baro,cd1min,openrca::mkt1,70,0.05714285714285714,0.16085714285714287,-0.10371428571428572,-0.17514285714285713,-0.038142857142857145
ALL11,X4,mean,baro,cd1min,openrca::mkt2,78,0.10576923076923077,0.19230769230769232,-0.08653846153846154,-0.16346153846153846,-0.009615384615384616
ALL11,X4,mean,baro,cd1min,openrca::tel,51,0.18274509803921568,0.1631372549019608,0.0196078431372549,-0.09156862745098039,0.13392156862745097
ALL11,X4,mean,baro,cd1min,petshop::high_traffic,26,0.15384615384615385,0.0,0.15384615384615385,0.038461538461538464,0.3076923076923077
ALL11,X4,mean,baro,cd1min,petshop::low_traffic,26,0.15384615384615385,0.038461538461538464,0.11538461538461539,0.0,0.23076923076923078
ALL11,X4,mean,baro,cd1min,petshop::temporal_traffic1,8,0.25,0.125,0.125,0.0,0.375
ALL11,X4,mean,baro,cd1min,petshop::temporal_traffic2,8,0.25,0.125,0.125,0.0,0.375
ALL11,X4,mean,baro,e_diagnosis,RE1::OB,125,0.736,0.032,0.704,0.624,0.784
ALL11,X4,mean,baro,e_diagnosis,RE1::SS,125,0.848,0.144,0.704,0.616,0.784
ALL11,X4,mean,baro,e_diagnosis,RE1::TT,125,0.56,0.0,0.56,0.472,0.64
ALL11,X4,mean,baro,e_diagnosis,openrca::bank,136,0.16044117647058823,0.03551470588235294,0.1249264705882353,0.06610294117647059,0.18441360294117642
ALL11,X4,mean,baro,e_diagnosis,openrca::mkt1,70,0.05714285714285714,0.038142857142857145,0.019,-0.020142857142857143,0.05942857142857143
ALL11,X4,mean,baro,e_diagnosis,openrca::mkt2,78,0.10576923076923077,0.04371794871794872,0.06205128205128205,0.004358974358974357,0.12192307692307693
ALL11,X4,mean,baro,e_diagnosis,openrca::tel,51,0.18274509803921568,0.04568627450980392,0.13705882352941176,0.052156862745098044,0.23176470588235296
ALL11,X4,mean,baro,e_diagnosis,petshop::high_traffic,26,0.15384615384615385,0.0,0.15384615384615385,0.038461538461538464,0.3076923076923077
ALL11,X4,mean,baro,e_diagnosis,petshop::low_traffic,26,0.15384615384615385,0.0,0.15384615384615385,0.038461538461538464,0.3076923076923077
ALL11,X4,mean,baro,e_diagnosis,petshop::temporal_traffic1,8,0.25,0.0,0.25,0.0,0.5
ALL11,X4,mean,baro,e_diagnosis,petshop::temporal_traffic2,8,0.25,0.125,0.125,-0.25,0.5
ALL11,X4,mean,baro,max_z,RE1::OB,125,0.736,0.504,0.232,0.136,0.328
ALL11,X4,mean,baro,max_z,RE1::SS,125,0.848,0.744,0.104,0.032,0.176
ALL11,X4,mean,baro,max_z,RE1::TT,125,0.56,0.424,0.136,0.048,0.224
ALL11,X4,mean,baro,max_z,openrca::bank,136,0.16044117647058823,0.12691176470588234,0.033529411764705884,-0.023970588235294115,0.0911029411764706
ALL11,X4,mean,baro,max_z,openrca::mkt1,70,0.05714285714285714,0.16071428571428573,-0.10357142857142858,-0.16414642857142858,-0.04612500000000026
ALL11,X4,mean,baro,max_z,openrca::mkt2,78,0.10576923076923077,0.19974358974358974,-0.09397435897435898,-0.1708974358974359,-0.019230769230769232
ALL11,X4,mean,baro,max_z,openrca::tel,51,0.18274509803921568,0.23176470588235296,-0.049019607843137254,-0.13725490196078433,0.0392156862745098
ALL11,X4,mean,baro,max_z,petshop::high_traffic,26,0.15384615384615385,0.07692307692307693,0.07692307692307693,0.0,0.19230769230769232
ALL11,X4,mean,baro,max_z,petshop::low_traffic,26,0.15384615384615385,0.19230769230769232,-0.038461538461538464,-0.11538461538461539,0.0
ALL11,X4,mean,baro,max_z,petshop::temporal_traffic1,8,0.25,0.375,-0.125,-0.375,0.0
ALL11,X4,mean,baro,max_z,petshop::temporal_traffic2,8,0.25,0.375,-0.125,-0.375,0.0
ALL11,X4,mean,baro,rcd,RE1::OB,125,0.736,0.5413333333333334,0.19466666666666665,0.09866666666666668,0.288
ALL11,X4,mean,baro,rcd,RE1::SS,125,0.848,0.3893333333333333,0.45866666666666667,0.3546666666666667,0.56
ALL11,X4,mean,baro,rcd,RE1::TT,125,0.56,0.088,0.472,0.3813333333333333,0.56
ALL11,X4,mean,baro,rcd,openrca::bank,136,0.16044117647058823,0.08904411764705882,0.07139705882352942,0.01718075980392157,0.12671629901960782
ALL11,X4,mean,baro,rcd,openrca::mkt1,70,0.05714285714285714,0.05085714285714285,0.006285714285714286,-0.03523809523809523,0.049001190476190455
ALL11,X4,mean,baro,rcd,openrca::mkt2,78,0.10576923076923077,0.06623931623931624,0.039529914529914535,-0.013888888888888885,0.09294871794871795
ALL11,X4,mean,baro,rcd,openrca::tel,51,0.18274509803921568,0.19261437908496734,-0.009869281045751629,-0.056666666666666664,0.033725490196078435
ALL11,X4,mean,baro,rcd,petshop::high_traffic,26,0.15384615384615385,0.0,0.15384615384615385,0.038461538461538464,0.3076923076923077
ALL11,X4,mean,baro,rcd,petshop::low_traffic,26,0.15384615384615385,0.34615384615384615,-0.19230769230769232,-0.4230769230769231,0.038461538461538464
ALL11,X4,mean,baro,rcd,petshop::temporal_traffic1,8,0.25,0.625,-0.375,-0.875,0.125
ALL11,X4,mean,baro,rcd,petshop::temporal_traffic2,8,0.25,0.375,-0.125,-0.5,0.25
ALL11,X4,mean,cd1min,e_diagnosis,RE1::OB,125,0.728,0.032,0.696,0.616,0.776
ALL11,X4,mean,cd1min,e_diagnosis,RE1::SS,125,0.928,0.144,0.784,0.712,0.856
ALL11,X4,mean,cd1min,e_diagnosis,RE1::TT,125,0.28,0.0,0.28,0.2,0.36
ALL11,X4,mean,cd1min,e_diagnosis,openrca::bank,136,0.1648529411764706,0.03551470588235294,0.12933823529411764,0.07617647058823529,0.18573529411764705
ALL11,X4,mean,cd1min,e_diagnosis,openrca::mkt1,70,0.16085714285714287,0.038142857142857145,0.1227142857142857,0.05128571428571428,0.1977142857142857
ALL11,X4,mean,cd1min,e_diagnosis,openrca::mkt2,78,0.19230769230769232,0.04371794871794872,0.14858974358974358,0.07064102564102563,0.23076923076923078
ALL11,X4,mean,cd1min,e_diagnosis,openrca::tel,51,0.1631372549019608,0.04568627450980392,0.11745098039215687,0.012941176470588239,0.22529411764705884
ALL11,X4,mean,cd1min,e_diagnosis,petshop::high_traffic,26,0.0,0.0,0.0,0.0,0.0
ALL11,X4,mean,cd1min,e_diagnosis,petshop::low_traffic,26,0.038461538461538464,0.0,0.038461538461538464,0.0,0.11538461538461539
ALL11,X4,mean,cd1min,e_diagnosis,petshop::temporal_traffic1,8,0.125,0.0,0.125,0.0,0.375
ALL11,X4,mean,cd1min,e_diagnosis,petshop::temporal_traffic2,8,0.125,0.125,0.0,-0.375,0.375
ALL11,X4,mean,cd1min,max_z,RE1::OB,125,0.728,0.504,0.224,0.12,0.336
ALL11,X4,mean,cd1min,max_z,RE1::SS,125,0.928,0.744,0.184,0.112,0.256
ALL11,X4,mean,cd1min,max_z,RE1::TT,125,0.28,0.424,-0.144,-0.248,-0.032
ALL11,X4,mean,cd1min,max_z,openrca::bank,136,0.1648529411764706,0.12691176470588234,0.037941176470588235,-0.02889705882352941,0.10573713235294116
ALL11,X4,mean,cd1min,max_z,openrca::mkt1,70,0.16085714285714287,0.16071428571428573,0.00014285714285714458,-0.07742857142857143,0.07385714285714286
ALL11,X4,mean,cd1min,max_z,openrca::mkt2,78,0.19230769230769232,0.19974358974358974,-0.0074358974358974365,-0.10897435897435898,0.09294871794871795
ALL11,X4,mean,cd1min,max_z,openrca::tel,51,0.1631372549019608,0.23176470588235296,-0.06862745098039216,-0.18294117647058825,0.04235294117647059
ALL11,X4,mean,cd1min,max_z,petshop::high_traffic,26,0.0,0.07692307692307693,-0.07692307692307693,-0.19230769230769232,0.0
ALL11,X4,mean,cd1min,max_z,petshop::low_traffic,26,0.038461538461538464,0.19230769230769232,-0.15384615384615385,-0.3076923076923077,-0.038461538461538464
ALL11,X4,mean,cd1min,max_z,petshop::temporal_traffic1,8,0.125,0.375,-0.25,-0.5031249999999972,0.0
ALL11,X4,mean,cd1min,max_z,petshop::temporal_traffic2,8,0.125,0.375,-0.25,-0.625,0.0
ALL11,X4,mean,cd1min,rcd,RE1::OB,125,0.728,0.5413333333333334,0.18666666666666662,0.08000000000000002,0.29066666666666674
ALL11,X4,mean,cd1min,rcd,RE1::SS,125,0.928,0.3893333333333333,0.5386666666666667,0.448,0.6266666666666667
ALL11,X4,mean,cd1min,rcd,RE1::TT,125,0.28,0.088,0.19200000000000003,0.09866666666666665,0.288
ALL11,X4,mean,cd1min,rcd,openrca::bank,136,0.1648529411764706,0.08904411764705882,0.07580882352941176,0.026641544117647062,0.12669117647058825
ALL11,X4,mean,cd1min,rcd,openrca::mkt1,70,0.16085714285714287,0.05085714285714285,0.10999999999999999,0.05285476190476191,0.1739047619047619
ALL11,X4,mean,cd1min,rcd,openrca::mkt2,78,0.19230769230769232,0.06623931623931624,0.1260683760683761,0.06303418803418803,0.19337606837606838
ALL11,X4,mean,cd1min,rcd,openrca::tel,51,0.1631372549019608,0.19261437908496734,-0.029477124183006537,-0.14705882352941177,0.08705882352941177
ALL11,X4,mean,cd1min,rcd,petshop::high_traffic,26,0.0,0.0,0.0,0.0,0.0
ALL11,X4,mean,cd1min,rcd,petshop::low_traffic,26,0.038461538461538464,0.34615384615384615,-0.3076923076923077,-0.5,-0.11538461538461539
ALL11,X4,mean,cd1min,rcd,petshop::temporal_traffic1,8,0.125,0.625,-0.5,-0.875,-0.125
ALL11,X4,mean,cd1min,rcd,petshop::temporal_traffic2,8,0.125,0.375,-0.25,-0.625,0.0
ALL11,X4,mean,e_diagnosis,max_z,RE1::OB,125,0.032,0.504,-0.472,-0.56,-0.376
ALL11,X4,mean,e_diagnosis,max_z,RE1::SS,125,0.144,0.744,-0.6,-0.696,-0.496
ALL11,X4,mean,e_diagnosis,max_z,RE1::TT,125,0.0,0.424,-0.424,-0.512,-0.336
ALL11,X4,mean,e_diagnosis,max_z,openrca::bank,136,0.03551470588235294,0.12691176470588234,-0.09139705882352941,-0.14220588235294118,-0.04294117647058823
ALL11,X4,mean,e_diagnosis,max_z,openrca::mkt1,70,0.038142857142857145,0.16071428571428573,-0.12257142857142857,-0.17385714285714285,-0.07371428571428572
ALL11,X4,mean,e_diagnosis,max_z,openrca::mkt2,78,0.04371794871794872,0.19974358974358974,-0.15602564102564104,-0.22435897435897437,-0.09294871794871795
ALL11,X4,mean,e_diagnosis,max_z,openrca::tel,51,0.04568627450980392,0.23176470588235296,-0.18607843137254904,-0.3003921568627451,-0.07823529411764707
ALL11,X4,mean,e_diagnosis,max_z,petshop::high_traffic,26,0.0,0.07692307692307693,-0.07692307692307693,-0.19230769230769232,0.0
ALL11,X4,mean,e_diagnosis,max_z,petshop::low_traffic,26,0.0,0.19230769230769232,-0.19230769230769232,-0.34615384615384615,-0.038461538461538464
ALL11,X4,mean,e_diagnosis,max_z,petshop::temporal_traffic1,8,0.0,0.375,-0.375,-0.75,-0.125
ALL11,X4,mean,e_diagnosis,max_z,petshop::temporal_traffic2,8,0.125,0.375,-0.25,-0.625,0.25
ALL11,X4,mean,e_diagnosis,rcd,RE1::OB,125,0.032,0.5413333333333334,-0.5093333333333333,-0.5946666666666666,-0.42400000000000004
ALL11,X4,mean,e_diagnosis,rcd,RE1::SS,125,0.144,0.3893333333333333,-0.24533333333333332,-0.3519999999999999,-0.14133333333333334
ALL11,X4,mean,e_diagnosis,rcd,RE1::TT,125,0.0,0.088,-0.088,-0.13599999999999998,-0.048
ALL11,X4,mean,e_diagnosis,rcd,openrca::bank,136,0.03551470588235294,0.08904411764705882,-0.05352941176470589,-0.09068688725490195,-0.018406862745098035
ALL11,X4,mean,e_diagnosis,rcd,openrca::mkt1,70,0.038142857142857145,0.05085714285714285,-0.01271428571428571,-0.053285714285714283,0.0270952380952381
ALL11,X4,mean,e_diagnosis,rcd,openrca::mkt2,78,0.04371794871794872,0.06623931623931624,-0.02252136752136752,-0.07483012820512822,0.02555555555555556
ALL11,X4,mean,e_diagnosis,rcd,openrca::tel,51,0.04568627450980392,0.19261437908496734,-0.1469281045751634,-0.24176633986928103,-0.05978431372549047
ALL11,X4,mean,e_diagnosis,rcd,petshop::high_traffic,26,0.0,0.0,0.0,0.0,0.0
ALL11,X4,mean,e_diagnosis,rcd,petshop::low_traffic,26,0.0,0.34615384615384615,-0.34615384615384615,-0.5384615384615384,-0.15384615384615385
ALL11,X4,mean,e_diagnosis,rcd,petshop::temporal_traffic1,8,0.0,0.625,-0.625,-0.875,-0.25
ALL11,X4,mean,e_diagnosis,rcd,petshop::temporal_traffic2,8,0.125,0.375,-0.25,-0.75,0.25
ALL11,X4,mean,max_z,rcd,RE1::OB,125,0.504,0.5413333333333334,-0.03733333333333333,-0.15199999999999997,0.072
ALL11,X4,mean,max_z,rcd,RE1::SS,125,0.744,0.3893333333333333,0.3546666666666667,0.25333333333333335,0.45866666666666667
ALL11,X4,mean,max_z,rcd,RE1::TT,125,0.424,0.088,0.336,0.2426666666666667,0.4293333333333333
ALL11,X4,mean,max_z,rcd,openrca::bank,136,0.12691176470588234,0.08904411764705882,0.037867647058823534,-0.01076041666666666,0.08799080882352943
ALL11,X4,mean,max_z,rcd,openrca::mkt1,70,0.16071428571428573,0.05085714285714285,0.10985714285714285,0.046000000000000006,0.17366666666666666
ALL11,X4,mean,max_z,rcd,openrca::mkt2,78,0.19974358974358974,0.06623931623931624,0.13350427350427352,0.053376068376068384,0.2157275641025641
ALL11,X4,mean,max_z,rcd,openrca::tel,51,0.23176470588235296,0.19261437908496734,0.03915032679738562,-0.046862745098039206,0.13176470588235292
ALL11,X4,mean,max_z,rcd,petshop::high_traffic,26,0.07692307692307693,0.0,0.07692307692307693,0.0,0.19230769230769232
ALL11,X4,mean,max_z,rcd,petshop::low_traffic,26,0.19230769230769232,0.34615384615384615,-0.15384615384615385,-0.34615384615384615,0.038461538461538464
ALL11,X4,mean,max_z,rcd,petshop::temporal_traffic1,8,0.375,0.625,-0.25,-0.625,0.25
ALL11,X4,mean,max_z,rcd,petshop::temporal_traffic2,8,0.375,0.375,0.0,-0.375,0.375
