a,b,dropped_family,k,pooled,n_pos,n_neg,n_rev,re_delta,re_pi_lo,re_pi_hi,tau2,I2,pi_crosses_0
alertcount,baro,RE1,8,-0.03388621121525534,4,3,4,0.0029763946641792743,-0.2244207639685929,0.23037355329695147,0.007182726955696797,63.31236123309867,True
alertcount,baro,openrca,7,-0.26389010989010986,0,6,0,-0.2945804604645439,-0.7403656239683203,0.1512047030392325,0.025231594122242847,82.09339348187513,True
alertcount,baro,petshop,7,-0.1542655600701819,4,3,4,-0.1515025579111021,-0.8998056645709847,0.5968005487487804,0.07392469532689165,97.28089235731022,True
alertcount,cd1min,RE1,8,0.009135551335918982,5,3,3,0.0014021419256680673,-0.03921834577653984,0.04202262962787597,0.0,0.0,True
alertcount,cd1min,openrca,7,-0.16,2,5,2,-0.18273633474748546,-0.7689318557056188,0.40345918621064786,0.04454412742635189,94.60949929319308,True
alertcount,cd1min,petshop,7,-0.1495593699018069,3,4,3,-0.1494767323834722,-0.7709735508346638,0.47202008606771945,0.050836432290552305,95.39353230635193,True
alertcount,e_diagnosis,RE1,8,0.09432989926739926,6,0,0,,,,,,
alertcount,e_diagnosis,openrca,7,0.11478021978021978,5,0,0,,,,,,
alertcount,e_diagnosis,petshop,7,0.1758825222396651,7,0,0,0.16963305597451228,-0.08900605517791371,0.4282721671269383,0.008669847730714157,88.10057678937483,True
alertcount,max_z,RE1,8,-0.0869580168605904,2,6,2,-0.0312612034415686,-0.2212375979271414,0.1587151910440042,0.004889636189672407,50.00416102305435,True
alertcount,max_z,openrca,7,-0.22668131868131866,0,7,0,-0.22724439048483958,-0.5586543786859135,0.10416559771623429,0.013533423968527475,78.10299064270421,True
alertcount,max_z,petshop,7,-0.11727070058792746,2,5,2,-0.11384117506896706,-0.5931534795621464,0.3654711294242123,0.030158674515772057,93.27580407254077,True
alertcount,rcd,RE1,8,-0.08777597769877182,5,3,5,-0.05018534509330432,-0.648441418683219,0.5480707284966104,0.0520321073810543,81.50277864726806,True
alertcount,rcd,openrca,7,-0.18005128205128207,1,6,1,-0.14567999971082776,-0.6675451785995633,0.3761851791779077,0.03473382270028877,79.21854728562435,True
alertcount,rcd,petshop,7,0.021831117062209502,4,3,3,0.026662299062127272,-0.20959606699188277,0.2629206651161373,0.007193101998143565,81.11587569682584,True
baro,cd1min,RE1,8,0.04302176255117432,5,3,3,0.01623424711139059,-0.19672525855379752,0.22919375277657872,0.006278317736771095,68.44249793856962,True
baro,cd1min,openrca,7,0.1038901098901099,6,1,1,0.09080882325092886,-0.19998585511263267,0.3816035016144904,0.010553491433305535,83.86075635305423,True
baro,cd1min,petshop,7,0.004706190168375043,3,4,4,-0.0012760610643695104,-0.3317307700763259,0.3291786479475869,0.01421785538248411,83.93387261639205,True
baro,e_diagnosis,RE1,8,0.1282161104826546,8,0,0,0.0898766384500032,-0.008843600214640368,0.18859687711464676,0.0011837737219751896,55.74745178705135,True
baro,e_diagnosis,openrca,7,0.37867032967032965,7,0,0,0.4060970171538001,-0.2864691455225816,1.0986631798301818,0.06222804248730512,93.64246677572382,True
baro,e_diagnosis,petshop,7,0.3301480823098471,7,0,0,0.3289697843673845,-0.5203277378449156,1.1782673065796845,0.09533867637430896,98.70756213616093,True
baro,max_z,RE1,8,-0.05307180564533506,2,6,2,-0.039471937693647555,-0.17438268177085564,0.09543880638356052,0.0024256533704942124,61.71008039698431,True
baro,max_z,openrca,7,0.03720879120879122,4,3,3,0.06310934081179438,-0.23828996809224112,0.36450864971582986,0.0114948833304324,77.4781033922402,True
baro,max_z,petshop,7,0.03699485948225444,4,3,3,0.03488043222270967,-0.29597253284904634,0.36573339729446563,0.014294386722684729,89.67045254848861,True
baro,rcd,RE1,8,-0.053889766483516476,4,4,4,0.014993777365167141,-0.19753276796045005,0.22752032269078432,0.006220581836965055,55.362108881122765,True
baro,rcd,openrca,7,0.08383882783882782,4,3,3,0.1344495815647953,-0.6613939423031974,0.9302931054327881,0.08191885129836504,90.2390343045214,True
baro,rcd,petshop,7,0.17609667713239138,6,1,1,0.17254503908482002,-0.3898308168145046,0.7349208949841446,0.04170721750584138,96.2197283607747,True
cd1min,e_diagnosis,RE1,8,0.08519434793148029,6,0,0,,,,,,
cd1min,e_diagnosis,openrca,7,0.27478021978021977,5,0,0,,,,,,
cd1min,e_diagnosis,petshop,7,0.32544189214147196,7,0,0,0.32578205232649426,-0.46391752639565487,1.1154816310486435,0.08237008945496523,98.2634638787942,True
cd1min,max_z,RE1,8,-0.09609356819650938,2,6,2,-0.044346580470053625,-0.19309440516548973,0.10440124422538247,0.0028530231359683816,43.494912266079346,True
cd1min,max_z,openrca,7,-0.06668131868131869,2,5,2,-0.03882950583346509,-0.5217928557438245,0.4441338440768944,0.029938298955279847,88.89750441279206,True
cd1min,max_z,petshop,7,0.0322886693138794,4,3,3,0.034196603125230256,-0.3006300206480664,0.3690232268985269,0.014557430688805804,85.4159760346504,True
cd1min,rcd,RE1,8,-0.0969115290346908,3,4,3,,,,,,
cd1min,rcd,openrca,7,-0.020051282051282038,3,3,3,,,,,,
cd1min,rcd,petshop,7,0.17139048696401638,6,1,1,0.17149538828637872,-0.30260565225010294,0.6455964288228604,0.02952146951228169,93.59121802485748,True
e_diagnosis,max_z,RE1,8,-0.18128791612798967,0,8,0,-0.12460389694082018,-0.1709027948763805,-0.07830499900525988,0.00012062274266215875,6.150077642036156,False
e_diagnosis,max_z,openrca,7,-0.3414615384615384,0,7,0,-0.35257498481584554,-0.8206901093276373,0.11554013969594623,0.027862795382208896,90.13904341314188,True
e_diagnosis,max_z,petshop,7,-0.2931532228275926,0,7,0,-0.2904745557543714,-0.8323291828993646,0.2513800713906218,0.03865537364640013,95.89247552609818,True
e_diagnosis,rcd,RE1,8,-0.1821058769661711,0,7,0,,,,,,
e_diagnosis,rcd,openrca,7,-0.29483150183150186,0,6,0,,,,,,
e_diagnosis,rcd,petshop,7,-0.15405140517745558,0,7,0,-0.15086829119520248,-0.6244556292632326,0.3227190468728276,0.029545356887047576,95.35844316664934,True
max_z,rcd,RE1,8,-0.0008179608381814266,5,2,5,0.060329545542211954,-0.08337547109281859,0.2040345621772425,0.002676334102046324,41.61837557441949,True
max_z,rcd,openrca,7,0.04663003663003662,3,3,3,0.0870838256102703,-0.46302852578171105,0.6371961770022516,0.03864833050353795,88.78733132493967,True
max_z,rcd,petshop,7,0.139101817650137,6,1,1,0.13798709415462615,-0.25693186886673225,0.5329060571759846,0.020407064472956912,90.21206739898187,True
