a,b,held_out,rule,pooled_train,winner,held_delta,reversal,regret
alertcount,baro,RE1::OB,mean,-0.12550896897220426,baro,-0.344,False,0.0
alertcount,baro,RE1::OB,case_weighted,-0.17496171516079634,baro,-0.344,False,0.0
alertcount,baro,RE1::SS,mean,-0.11270896897220425,baro,-0.472,False,0.0
alertcount,baro,RE1::SS,case_weighted,-0.1504594180704441,baro,-0.472,False,0.0
alertcount,baro,RE1::TT,mean,-0.10870896897220425,baro,-0.512,False,0.0
alertcount,baro,RE1::TT,case_weighted,-0.14280245022970903,baro,-0.512,False,0.0
alertcount,baro,openrca::bank,mean,-0.1610780866192631,baro,0.011691176470588234,True,0.011691176470588234
alertcount,baro,openrca::bank,case_weighted,-0.24741433021806855,baro,0.011691176470588234,True,0.011691176470588234
alertcount,baro,openrca::mkt1,mean,-0.16859468325791854,baro,0.08685714285714285,True,0.08685714285714285
alertcount,baro,openrca::mkt1,case_weighted,-0.2306920903954802,baro,0.08685714285714285,True,0.08685714285714285
alertcount,baro,openrca::mkt2,mean,-0.16898589204912734,baro,0.09076923076923077,True,0.09076923076923077
alertcount,baro,openrca::mkt2,case_weighted,-0.23475714285714283,baro,0.09076923076923077,True,0.09076923076923077
alertcount,baro,openrca::tel,mean,-0.16579132191338072,baro,0.058823529411764705,True,0.058823529411764705
alertcount,baro,openrca::tel,case_weighted,-0.2204264099037139,baro,0.058823529411764705,True,0.058823529411764705
alertcount,baro,petshop::high_traffic,mean,-0.14837050743374272,baro,-0.11538461538461539,False,0.0
alertcount,baro,petshop::high_traffic,case_weighted,-0.20511968085106383,baro,-0.11538461538461539,False,0.0
alertcount,baro,petshop::low_traffic,mean,-0.14452435358758886,baro,-0.15384615384615385,False,0.0
alertcount,baro,petshop::low_traffic,case_weighted,-0.20378989361702127,baro,-0.15384615384615385,False,0.0
alertcount,baro,petshop::temporal_traffic1,mean,-0.13490896897220422,baro,-0.25,False,0.0
alertcount,baro,petshop::temporal_traffic1,case_weighted,-0.20162337662337662,baro,-0.25,False,0.0
alertcount,baro,petshop::temporal_traffic2,mean,-0.15990896897220425,baro,0.0,False,0.0
alertcount,baro,petshop::temporal_traffic2,case_weighted,-0.20422077922077922,baro,0.0,False,0.0
alertcount,cd1min,RE1::OB,mean,-0.07109155893126481,cd1min,-0.336,False,0.0
alertcount,cd1min,RE1::OB,case_weighted,-0.14373660030627872,cd1min,-0.336,False,0.0
alertcount,cd1min,RE1::SS,mean,-0.04949155893126482,cd1min,-0.552,False,0.0
alertcount,cd1min,RE1::SS,case_weighted,-0.10238897396630935,cd1min,-0.552,False,0.0
alertcount,cd1min,RE1::TT,mean,-0.08149155893126483,cd1min,-0.232,False,0.0
alertcount,cd1min,RE1::TT,case_weighted,-0.16364471669218988,cd1min,-0.232,False,0.0
alertcount,cd1min,openrca::bank,mean,-0.10541950010773542,cd1min,0.007279411764705882,True,0.007279411764705882
alertcount,cd1min,openrca::bank,case_weighted,-0.2131619937694704,cd1min,0.007279411764705882,True,0.007279411764705882
alertcount,cd1min,openrca::mkt1,mean,-0.10300584464555054,cd1min,-0.01685714285714286,False,0.0
alertcount,cd1min,openrca::mkt1,case_weighted,-0.19022598870056495,cd1min,-0.01685714285714286,False,0.0
alertcount,cd1min,openrca::mkt2,mean,-0.10511463585434175,cd1min,0.004230769230769231,True,0.004230769230769231
alertcount,cd1min,openrca::mkt2,case_weighted,-0.19455714285714285,cd1min,0.004230769230769231,True,0.004230769230769231
alertcount,cd1min,openrca::tel,mean,-0.11253469618616678,cd1min,0.0784313725490196,True,0.0784313725490196
alertcount,cd1min,openrca::tel,case_weighted,-0.1923796423658872,cd1min,0.0784313725490196,True,0.0784313725490196
alertcount,cd1min,petshop::high_traffic,mean,-0.10853771277741867,cd1min,0.038461538461538464,True,0.038461538461538464
alertcount,cd1min,petshop::high_traffic,case_weighted,-0.18199468085106382,cd1min,0.038461538461538464,True,0.038461538461538464
alertcount,cd1min,petshop::low_traffic,mean,-0.10084540508511097,cd1min,-0.038461538461538464,False,0.0
alertcount,cd1min,petshop::low_traffic,case_weighted,-0.1793351063829787,cd1min,-0.038461538461538464,False,0.0
alertcount,cd1min,petshop::temporal_traffic1,mean,-0.09219155893126482,cd1min,-0.125,False,0.0
alertcount,cd1min,petshop::temporal_traffic1,case_weighted,-0.17514285714285713,cd1min,-0.125,False,0.0
alertcount,cd1min,petshop::temporal_traffic2,mean,-0.11719155893126483,cd1min,0.125,True,0.125
alertcount,cd1min,petshop::temporal_traffic2,case_weighted,-0.17774025974025973,cd1min,0.125,True,0.125
alertcount,e_diagnosis,RE1::OB,mean,0.10346391941391941,alertcount,0.36,False,0.0
alertcount,e_diagnosis,RE1::OB,case_weighted,0.13001531393568147,alertcount,0.36,False,0.0
alertcount,e_diagnosis,RE1::SS,mean,0.1162639194139194,alertcount,0.232,False,0.0
alertcount,e_diagnosis,RE1::SS,case_weighted,0.15451761102603367,alertcount,0.232,False,0.0
alertcount,e_diagnosis,RE1::TT,mean,0.13466391941391942,alertcount,0.048,False,0.0
alertcount,e_diagnosis,RE1::TT,case_weighted,0.189739663093415,alertcount,0.048,False,0.0
alertcount,e_diagnosis,openrca::bank,mean,0.12580215470803707,alertcount,0.1366176470588235,False,0.0
alertcount,e_diagnosis,openrca::bank,case_weighted,0.17339563862928348,alertcount,0.1366176470588235,False,0.0
alertcount,e_diagnosis,openrca::mkt1,mean,0.12887820512820514,alertcount,0.10585714285714286,False,0.0
alertcount,e_diagnosis,openrca::mkt1,case_weighted,0.1730084745762712,alertcount,0.10585714285714286,False,0.0
alertcount,e_diagnosis,openrca::mkt2,mean,0.12418186813186813,alertcount,0.15282051282051282,False,0.0
alertcount,e_diagnosis,openrca::mkt2,case_weighted,0.16854285714285713,alertcount,0.15282051282051282,False,0.0
alertcount,e_diagnosis,openrca::tel,mean,0.11987568411980176,alertcount,0.19588235294117648,False,0.0
alertcount,e_diagnosis,openrca::tel,case_weighted,0.16493810178817056,alertcount,0.19588235294117648,False,0.0
alertcount,e_diagnosis,petshop::high_traffic,mean,0.13561776556776556,alertcount,0.038461538461538464,False,0.0
alertcount,e_diagnosis,petshop::high_traffic,case_weighted,0.1714095744680851,alertcount,0.038461538461538464,False,0.0
alertcount,e_diagnosis,petshop::low_traffic,mean,0.13946391941391942,alertcount,0.0,False,0.0
alertcount,e_diagnosis,petshop::low_traffic,case_weighted,0.17273936170212767,alertcount,0.0,False,0.0
alertcount,e_diagnosis,petshop::temporal_traffic1,mean,0.13946391941391942,alertcount,0.0,False,0.0
alertcount,e_diagnosis,petshop::temporal_traffic1,case_weighted,0.1687012987012987,alertcount,0.0,False,0.0
alertcount,e_diagnosis,petshop::temporal_traffic2,mean,0.12696391941391943,alertcount,0.125,False,0.0
alertcount,e_diagnosis,petshop::temporal_traffic2,case_weighted,0.16740259740259741,alertcount,0.125,False,0.0
alertcount,max_z,RE1::OB,mean,-0.1439664134884723,max_z,-0.112,False,0.0
alertcount,max_z,RE1::OB,case_weighted,-0.14972434915773353,max_z,-0.112,False,0.0
alertcount,max_z,RE1::SS,mean,-0.11836641348847232,max_z,-0.368,False,0.0
alertcount,max_z,RE1::SS,case_weighted,-0.10071975497702909,max_z,-0.368,False,0.0
alertcount,max_z,RE1::TT,mean,-0.11756641348847233,max_z,-0.376,False,0.0
alertcount,max_z,RE1::TT,case_weighted,-0.09918836140888207,max_z,-0.376,False,0.0
alertcount,max_z,openrca::bank,mean,-0.15968847231200173,max_z,0.045220588235294124,True,0.045220588235294124
alertcount,max_z,openrca::bank,case_weighted,-0.1836760124610592,max_z,0.045220588235294124,True,0.045220588235294124
alertcount,max_z,openrca::mkt1,mean,-0.15349498491704375,max_z,-0.016714285714285716,False,0.0
alertcount,max_z,openrca::mkt1,case_weighted,-0.15621468926553672,max_z,-0.016714285714285716,False,0.0
alertcount,max_z,openrca::mkt2,mean,-0.1548459006679595,max_z,-0.003205128205128205,False,0.0
alertcount,max_z,openrca::mkt2,case_weighted,-0.1593142857142857,max_z,-0.003205128205128205,False,0.0
alertcount,max_z,openrca::tel,mean,-0.15614680564533506,max_z,0.009803921568627453,True,0.009803921568627453
alertcount,max_z,openrca::tel,case_weighted,-0.15442916093535075,max_z,0.009803921568627453,True,0.009803921568627453
alertcount,max_z,petshop::high_traffic,mean,-0.15132025964231846,max_z,-0.038461538461538464,False,0.0
alertcount,max_z,petshop::high_traffic,case_weighted,-0.14730053191489362,max_z,-0.038461538461538464,False,0.0
alertcount,max_z,petshop::low_traffic,mean,-0.13593564425770305,max_z,-0.19230769230769232,False,0.0
alertcount,max_z,petshop::low_traffic,case_weighted,-0.1419813829787234,max_z,-0.19230769230769232,False,0.0
alertcount,max_z,petshop::temporal_traffic1,mean,-0.11766641348847232,max_z,-0.375,False,0.0
alertcount,max_z,petshop::temporal_traffic1,case_weighted,-0.14125974025974025,max_z,-0.375,False,0.0
alertcount,max_z,petshop::temporal_traffic2,mean,-0.1426664134884723,max_z,-0.125,False,0.0
alertcount,max_z,petshop::temporal_traffic2,case_weighted,-0.14385714285714285,max_z,-0.125,False,0.0
alertcount,rcd,RE1::OB,mean,-0.07555411549235078,rcd,-0.14933333333333335,False,0.0
alertcount,rcd,RE1::OB,case_weighted,0.015028075548749366,alertcount,-0.14933333333333335,True,0.14933333333333335
alertcount,rcd,RE1::SS,mean,-0.08915411549235078,rcd,-0.013333333333333327,False,0.0
alertcount,rcd,RE1::SS,case_weighted,-0.011005615109749869,rcd,-0.013333333333333327,False,0.0
alertcount,rcd,RE1::TT,mean,-0.08648744882568413,rcd,-0.03999999999999999,False,0.0
alertcount,rcd,RE1::TT,case_weighted,-0.005900969882593157,rcd,-0.03999999999999999,False,0.0
alertcount,rcd,openrca::bank,mean,-0.09879627235509589,rcd,0.08308823529411766,True,0.08308823529411766
alertcount,rcd,openrca::bank,case_weighted,-0.03139148494288681,rcd,0.08308823529411766,True,0.08308823529411766
alertcount,rcd,openrca::mkt1,mean,-0.09980173453996984,rcd,0.09314285714285714,True,0.09314285714285714
alertcount,rcd,openrca::mkt1,case_weighted,-0.02171374764595103,rcd,0.09314285714285714,True,0.09314285714285714
alertcount,rcd,openrca::mkt2,mean,-0.10351736335559865,rcd,0.1302991452991453,True,0.1302991452991453
alertcount,rcd,openrca::mkt2,case_weighted,-0.027166666666666665,rcd,0.1302991452991453,True,0.1302991452991453
alertcount,rcd,openrca::tel,mean,-0.09538287366228543,rcd,0.04895424836601308,True,0.04895424836601308
alertcount,rcd,openrca::tel,case_weighted,-0.015612104539202195,rcd,0.04895424836601308,True,0.04895424836601308
alertcount,rcd,petshop::high_traffic,mean,-0.09433360267183796,rcd,0.038461538461538464,True,0.038461538461538464
alertcount,rcd,petshop::high_traffic,case_weighted,-0.01310283687943262,rcd,0.038461538461538464,True,0.038461538461538464
alertcount,rcd,petshop::low_traffic,mean,-0.0558720642102995,rcd,-0.34615384615384615,False,0.0
alertcount,rcd,petshop::low_traffic,case_weighted,0.0001950354609929123,alertcount,-0.34615384615384615,True,0.34615384615384615
alertcount,rcd,petshop::temporal_traffic1,mean,-0.027987448825684113,rcd,-0.625,False,0.0
alertcount,rcd,petshop::temporal_traffic1,case_weighted,-0.005004329004329,rcd,-0.625,False,0.0
alertcount,rcd,petshop::temporal_traffic2,mean,-0.07798744882568412,rcd,-0.125,False,0.0
alertcount,rcd,petshop::temporal_traffic2,case_weighted,-0.010199134199134196,rcd,-0.125,False,0.0
baro,cd1min,RE1::OB,mean,0.05441741004093946,baro,0.008,False,0.0
baro,cd1min,RE1::OB,case_weighted,0.03122511485451761,baro,0.008,False,0.0
baro,cd1min,RE1::SS,mean,0.06321741004093946,baro,-0.08,True,0.08
baro,cd1min,RE1::SS,case_weighted,0.04807044410413476,baro,-0.08,True,0.08
baro,cd1min,RE1::TT,mean,0.02721741004093946,baro,0.28,False,0.0
baro,cd1min,RE1::TT,case_weighted,-0.020842266462480857,cd1min,0.28,True,0.28
baro,cd1min,openrca::bank,mean,0.0556585865115277,baro,-0.004411764705882352,True,0.004411764705882352
baro,cd1min,openrca::bank,case_weighted,0.03425233644859813,baro,-0.004411764705882352,True,0.004411764705882352
baro,cd1min,openrca::mkt1,mean,0.06558883861236804,baro,-0.10371428571428572,True,0.10371428571428572
baro,cd1min,openrca::mkt1,case_weighted,0.040466101694915255,baro,-0.10371428571428572,True,0.10371428571428572
baro,cd1min,openrca::mkt2,mean,0.06387125619478562,baro,-0.08653846153846154,True,0.08653846153846154
baro,cd1min,openrca::mkt2,case_weighted,0.0402,baro,-0.08653846153846154,True,0.08653846153846154
baro,cd1min,openrca::tel,mean,0.05325662572721397,baro,0.0196078431372549,False,0.0
baro,cd1min,openrca::tel,case_weighted,0.028046767537826686,baro,0.0196078431372549,False,0.0
baro,cd1min,petshop::high_traffic,mean,0.03983279465632407,baro,0.15384615384615385,False,0.0
baro,cd1min,petshop::high_traffic,case_weighted,0.023125,baro,0.15384615384615385,False,0.0
baro,cd1min,petshop::low_traffic,mean,0.043678948502477916,baro,0.11538461538461539,False,0.0
baro,cd1min,petshop::low_traffic,case_weighted,0.024454787234042555,baro,0.11538461538461539,False,0.0
baro,cd1min,petshop::temporal_traffic1,mean,0.04271741004093945,baro,0.125,False,0.0
baro,cd1min,petshop::temporal_traffic1,case_weighted,0.026480519480519483,baro,0.125,False,0.0
baro,cd1min,petshop::temporal_traffic2,mean,0.04271741004093945,baro,0.125,False,0.0
baro,cd1min,petshop::temporal_traffic2,case_weighted,0.026480519480519483,baro,0.125,False,0.0
baro,e_diagnosis,RE1::OB,mean,0.22897288838612367,baro,0.704,False,0.0
baro,e_diagnosis,RE1::OB,case_weighted,0.3049770290964778,baro,0.704,False,0.0
baro,e_diagnosis,RE1::SS,mean,0.22897288838612367,baro,0.704,False,0.0
baro,e_diagnosis,RE1::SS,case_weighted,0.3049770290964778,baro,0.704,False,0.0
baro,e_diagnosis,RE1::TT,mean,0.2433728883861237,baro,0.56,False,0.0
baro,e_diagnosis,RE1::TT,case_weighted,0.332542113323124,baro,0.56,False,0.0
baro,e_diagnosis,openrca::bank,mean,0.28688024132730017,baro,0.1249264705882353,False,0.0
baro,e_diagnosis,openrca::bank,case_weighted,0.420809968847352,baro,0.1249264705882353,False,0.0
baro,e_diagnosis,openrca::mkt1,mean,0.2974728883861237,baro,0.019,False,0.0
baro,e_diagnosis,openrca::mkt1,case_weighted,0.4037005649717514,baro,0.019,False,0.0
baro,e_diagnosis,openrca::mkt2,mean,0.2931677601809955,baro,0.06205128205128205,False,0.0
baro,e_diagnosis,openrca::mkt2,case_weighted,0.4033,baro,0.06205128205128205,False,0.0
baro,e_diagnosis,openrca::tel,mean,0.2856670060331825,baro,0.13705882352941176,False,0.0
baro,e_diagnosis,openrca::tel,case_weighted,0.3853645116918845,baro,0.13705882352941176,False,0.0
baro,e_diagnosis,petshop::high_traffic,mean,0.2839882730015083,baro,0.15384615384615385,False,0.0
baro,e_diagnosis,petshop::high_traffic,case_weighted,0.376529255319149,baro,0.15384615384615385,False,0.0
baro,e_diagnosis,petshop::low_traffic,mean,0.2839882730015083,baro,0.15384615384615385,False,0.0
baro,e_diagnosis,petshop::low_traffic,case_weighted,0.376529255319149,baro,0.15384615384615385,False,0.0
baro,e_diagnosis,petshop::temporal_traffic1,mean,0.27437288838612367,baro,0.25,False,0.0
baro,e_diagnosis,petshop::temporal_traffic1,case_weighted,0.3703246753246754,baro,0.25,False,0.0
baro,e_diagnosis,petshop::temporal_traffic2,mean,0.2868728883861237,baro,0.125,False,0.0
baro,e_diagnosis,petshop::temporal_traffic2,case_weighted,0.3716233766233767,baro,0.125,False,0.0
baro,max_z,RE1::OB,mean,-0.01845744451626805,max_z,0.232,True,0.232
baro,max_z,RE1::OB,case_weighted,0.025237366003062783,baro,0.232,False,0.0
baro,max_z,RE1::SS,mean,-0.005657444516268051,max_z,0.104,True,0.104
baro,max_z,RE1::SS,case_weighted,0.049739663093415015,baro,0.104,False,0.0
baro,max_z,RE1::TT,mean,-0.008857444516268043,max_z,0.136,True,0.136
baro,max_z,RE1::TT,case_weighted,0.04361408882082696,baro,0.136,False,0.0
baro,max_z,openrca::bank,mean,0.0013896143072613665,baro,0.033529411764705884,False,0.0
baro,max_z,openrca::bank,case_weighted,0.06373831775700935,baro,0.033529411764705884,False,0.0
baro,max_z,openrca::mkt1,mean,0.015099698340874813,baro,-0.10357142857142858,True,0.10357142857142858
baro,max_z,openrca::mkt1,case_weighted,0.07447740112994351,baro,-0.10357142857142858,True,0.10357142857142858
baro,max_z,openrca::mkt2,mean,0.014139991381167848,baro,-0.09397435897435898,True,0.09397435897435898
baro,max_z,openrca::mkt2,case_weighted,0.07544285714285714,baro,-0.09397435897435898,True,0.09397435897435898
baro,max_z,openrca::tel,mean,0.009644516268045678,baro,-0.049019607843137254,True,0.049019607843137254
baro,max_z,openrca::tel,case_weighted,0.06599724896836315,baro,-0.049019607843137254,True,0.049019607843137254
baro,max_z,petshop::high_traffic,mean,-0.00294975220857574,max_z,0.07692307692307693,True,0.07692307692307693
baro,max_z,petshop::high_traffic,case_weighted,0.05781914893617022,baro,0.07692307692307693,False,0.0
baro,max_z,petshop::low_traffic,mean,0.008588709329885803,baro,-0.038461538461538464,True,0.038461538461538464
baro,max_z,petshop::low_traffic,case_weighted,0.06180851063829788,baro,-0.038461538461538464,True,0.038461538461538464
baro,max_z,petshop::temporal_traffic1,mean,0.017242555483731957,baro,-0.125,True,0.125
baro,max_z,petshop::temporal_traffic1,case_weighted,0.06036363636363637,baro,-0.125,True,0.125
baro,max_z,petshop::temporal_traffic2,mean,0.017242555483731957,baro,-0.125,True,0.125
baro,max_z,petshop::temporal_traffic2,case_weighted,0.06036363636363637,baro,-0.125,True,0.125
baro,rcd,RE1::OB,mean,0.04995485347985348,baro,0.19466666666666665,False,0.0
baro,rcd,RE1::OB,case_weighted,0.18998979070954572,baro,0.19466666666666665,False,0.0
baro,rcd,RE1::SS,mean,0.023554853479853477,baro,0.45866666666666667,False,0.0
baro,rcd,RE1::SS,case_weighted,0.13945380296069423,baro,0.45866666666666667,False,0.0
baro,rcd,RE1::TT,mean,0.02222152014652016,baro,0.472,False,0.0
baro,rcd,RE1::TT,case_weighted,0.13690148034711588,baro,0.472,False,0.0
baro,rcd,openrca::bank,mean,0.06228181426416719,baro,0.07139705882352942,False,0.0
baro,rcd,openrca::bank,case_weighted,0.21602284527518176,baro,0.07139705882352942,False,0.0
baro,rcd,openrca::mkt1,mean,0.0687929487179487,baro,0.006285714285714286,False,0.0
baro,rcd,openrca::mkt1,case_weighted,0.2089783427495292,baro,0.006285714285714286,False,0.0
baro,rcd,openrca::mkt2,mean,0.06546852869352868,baro,0.039529914529914535,False,0.0
baro,rcd,openrca::mkt2,case_weighted,0.2075904761904762,baro,0.039529914529914535,False,0.0
baro,rcd,openrca::tel,mean,0.0704084482510953,baro,-0.009869281045751629,True,0.009869281045751629
baro,rcd,openrca::tel,case_weighted,0.2048143053645117,baro,-0.009869281045751629,True,0.009869281045751629
baro,rcd,petshop::high_traffic,mean,0.054036904761904744,baro,0.15384615384615385,False,0.0
baro,rcd,petshop::high_traffic,case_weighted,0.1920168439716312,baro,0.15384615384615385,False,0.0
baro,rcd,petshop::low_traffic,mean,0.08865228937728938,baro,-0.19230769230769232,True,0.19230769230769232
baro,rcd,petshop::low_traffic,case_weighted,0.2039849290780142,baro,-0.19230769230769232,True,0.19230769230769232
baro,rcd,petshop::temporal_traffic1,mean,0.10692152014652015,baro,-0.375,True,0.375
baro,rcd,petshop::temporal_traffic1,case_weighted,0.19661904761904764,baro,-0.375,True,0.375
baro,rcd,petshop::temporal_traffic2,mean,0.08192152014652014,baro,-0.125,True,0.125
baro,rcd,petshop::temporal_traffic2,case_weighted,0.19402164502164504,baro,-0.125,True,0.125
cd1min,e_diagnosis,RE1::OB,mean,0.17455547834518423,cd1min,0.696,False,0.0
cd1min,e_diagnosis,RE1::OB,case_weighted,0.27375191424196016,cd1min,0.696,False,0.0
cd1min,e_diagnosis,RE1::SS,mean,0.16575547834518423,cd1min,0.784,False,0.0
cd1min,e_diagnosis,RE1::SS,case_weighted,0.25690658499234303,cd1min,0.784,False,0.0
cd1min,e_diagnosis,RE1::TT,mean,0.21615547834518423,cd1min,0.28,False,0.0
cd1min,e_diagnosis,RE1::TT,case_weighted,0.3533843797856049,cd1min,0.28,False,0.0
cd1min,e_diagnosis,openrca::bank,mean,0.23122165481577248,cd1min,0.12933823529411764,False,0.0
cd1min,e_diagnosis,openrca::bank,case_weighted,0.3865576323987539,cd1min,0.12933823529411764,False,0.0
cd1min,e_diagnosis,openrca::mkt1,mean,0.23188404977375568,cd1min,0.1227142857142857,False,0.0
cd1min,e_diagnosis,openrca::mkt1,case_weighted,0.3632344632768362,cd1min,0.1227142857142857,False,0.0
cd1min,e_diagnosis,openrca::mkt2,mean,0.22929650398620988,cd1min,0.14858974358974358,False,0.0
cd1min,e_diagnosis,openrca::mkt2,case_weighted,0.36310000000000003,cd1min,0.14858974358974358,False,0.0
cd1min,e_diagnosis,openrca::tel,mean,0.23241038030596856,cd1min,0.11745098039215687,False,0.0
cd1min,e_diagnosis,openrca::tel,case_weighted,0.35731774415405776,cd1min,0.11745098039215687,False,0.0
cd1min,e_diagnosis,petshop::high_traffic,mean,0.24415547834518425,cd1min,0.0,False,0.0
cd1min,e_diagnosis,petshop::high_traffic,case_weighted,0.35340425531914893,cd1min,0.0,False,0.0
cd1min,e_diagnosis,petshop::low_traffic,mean,0.24030932449903036,cd1min,0.038461538461538464,False,0.0
cd1min,e_diagnosis,petshop::low_traffic,case_weighted,0.3520744680851064,cd1min,0.038461538461538464,False,0.0
cd1min,e_diagnosis,petshop::temporal_traffic1,mean,0.2316554783451842,cd1min,0.125,False,0.0
cd1min,e_diagnosis,petshop::temporal_traffic1,case_weighted,0.34384415584415584,cd1min,0.125,False,0.0
cd1min,e_diagnosis,petshop::temporal_traffic2,mean,0.2441554783451842,cd1min,0.0,False,0.0
cd1min,e_diagnosis,petshop::temporal_traffic2,case_weighted,0.34514285714285714,cd1min,0.0,False,0.0
cd1min,max_z,RE1::OB,mean,-0.0728748545572075,max_z,0.224,True,0.224
cd1min,max_z,RE1::OB,case_weighted,-0.005987748851454824,max_z,0.224,True,0.224
cd1min,max_z,RE1::SS,mean,-0.0688748545572075,max_z,0.184,True,0.184
cd1min,max_z,RE1::SS,case_weighted,0.0016692189892802448,cd1min,0.184,False,0.0
cd1min,max_z,RE1::TT,mean,-0.0360748545572075,max_z,-0.144,False,0.0
cd1min,max_z,RE1::TT,case_weighted,0.06445635528330781,cd1min,-0.144,True,0.144
cd1min,max_z,openrca::bank,mean,-0.05426897220426632,max_z,0.037941176470588235,True,0.037941176470588235
cd1min,max_z,openrca::bank,case_weighted,0.029485981308411225,cd1min,0.037941176470588235,False,0.0
cd1min,max_z,openrca::mkt1,mean,-0.050489140271493205,max_z,0.00014285714285714458,True,0.00014285714285714458
cd1min,max_z,openrca::mkt1,case_weighted,0.034011299435028244,cd1min,0.00014285714285714458,False,0.0
cd1min,max_z,openrca::mkt2,mean,-0.049731264813617754,max_z,-0.0074358974358974365,False,0.0
cd1min,max_z,openrca::mkt2,case_weighted,0.03524285714285714,cd1min,-0.0074358974358974365,True,0.0074358974358974365
cd1min,max_z,openrca::tel,mean,-0.04361210945916828,max_z,-0.06862745098039216,False,0.0
cd1min,max_z,openrca::tel,case_weighted,0.03795048143053645,cd1min,-0.06862745098039216,True,0.06862745098039216
cd1min,max_z,petshop::high_traffic,mean,-0.04278254686489981,max_z,-0.07692307692307693,False,0.0
cd1min,max_z,petshop::high_traffic,case_weighted,0.034694148936170205,cd1min,-0.07692307692307693,True,0.07692307692307693
cd1min,max_z,petshop::low_traffic,mean,-0.03509023917259211,max_z,-0.15384615384615385,False,0.0
cd1min,max_z,petshop::low_traffic,case_weighted,0.037353723404255315,cd1min,-0.15384615384615385,True,0.15384615384615385
cd1min,max_z,petshop::temporal_traffic1,mean,-0.025474854557207494,max_z,-0.25,False,0.0
cd1min,max_z,petshop::temporal_traffic1,case_weighted,0.033883116883116876,cd1min,-0.25,True,0.25
cd1min,max_z,petshop::temporal_traffic2,mean,-0.025474854557207494,max_z,-0.25,False,0.0
cd1min,max_z,petshop::temporal_traffic2,case_weighted,0.033883116883116876,cd1min,-0.25,True,0.25
cd1min,rcd,RE1::OB,mean,-0.004462556561085962,rcd,0.18666666666666662,True,0.18666666666666662
cd1min,rcd,RE1::OB,case_weighted,0.15876467585502807,cd1min,0.18666666666666662,False,0.0
cd1min,rcd,RE1::SS,mean,-0.03966255656108597,rcd,0.5386666666666667,True,0.5386666666666667
cd1min,rcd,RE1::SS,case_weighted,0.09138335885655947,cd1min,0.5386666666666667,False,0.0
cd1min,rcd,RE1::TT,mean,-0.004995889894419303,rcd,0.19200000000000003,True,0.19200000000000003
cd1min,rcd,RE1::TT,case_weighted,0.15774374680959674,cd1min,0.19200000000000003,False,0.0
cd1min,rcd,openrca::bank,mean,0.006623227752639527,cd1min,0.07580882352941176,False,0.0
cd1min,rcd,openrca::bank,case_weighted,0.1817705088265836,cd1min,0.07580882352941176,False,0.0
cd1min,rcd,openrca::mkt1,mean,0.0032041101055807044,cd1min,0.10999999999999999,False,0.0
cd1min,rcd,openrca::mkt1,case_weighted,0.16851224105461393,cd1min,0.10999999999999999,False,0.0
cd1min,rcd,openrca::mkt2,mean,0.0015972724987430964,cd1min,0.1260683760683761,False,0.0
cd1min,rcd,openrca::mkt2,case_weighted,0.1673904761904762,cd1min,0.1260683760683761,False,0.0
cd1min,rcd,openrca::tel,mean,0.017151822523881356,cd1min,-0.029477124183006537,True,0.029477124183006537
cd1min,rcd,openrca::tel,case_weighted,0.17676753782668503,cd1min,-0.029477124183006537,True,0.029477124183006537
cd1min,rcd,petshop::high_traffic,mean,0.014204110105580703,cd1min,0.0,False,0.0
cd1min,rcd,petshop::high_traffic,case_weighted,0.1688918439716312,cd1min,0.0,False,0.0
cd1min,rcd,petshop::low_traffic,mean,0.04497334087481146,cd1min,-0.3076923076923077,True,0.3076923076923077
cd1min,rcd,petshop::low_traffic,case_weighted,0.17953014184397162,cd1min,-0.3076923076923077,True,0.3076923076923077
cd1min,rcd,petshop::temporal_traffic1,mean,0.06420411010558069,cd1min,-0.5,True,0.5
cd1min,rcd,petshop::temporal_traffic1,case_weighted,0.17013852813852814,cd1min,-0.5,True,0.5
cd1min,rcd,petshop::temporal_traffic2,mean,0.03920411010558069,cd1min,-0.25,True,0.25
cd1min,rcd,petshop::temporal_traffic2,case_weighted,0.16754112554112555,cd1min,-0.25,True,0.25
e_diagnosis,max_z,RE1::OB,mean,-0.24743033290239175,max_z,-0.472,False,0.0
e_diagnosis,max_z,RE1::OB,case_weighted,-0.27973966309341497,max_z,-0.472,False,0.0
e_diagnosis,max_z,RE1::SS,mean,-0.23463033290239171,max_z,-0.6,False,0.0
e_diagnosis,max_z,RE1::SS,case_weighted,-0.2552373660030628,max_z,-0.6,False,0.0
e_diagnosis,max_z,RE1::TT,mean,-0.2522303329023917,max_z,-0.424,False,0.0
e_diagnosis,max_z,RE1::TT,case_weighted,-0.2889280245022971,max_z,-0.424,False,0.0
e_diagnosis,max_z,openrca::bank,mean,-0.2854906270200388,max_z,-0.09139705882352941,False,0.0
e_diagnosis,max_z,openrca::bank,case_weighted,-0.35707165109034267,max_z,-0.09139705882352941,False,0.0
e_diagnosis,max_z,openrca::mkt1,mean,-0.28237319004524886,max_z,-0.12257142857142857,False,0.0
e_diagnosis,max_z,openrca::mkt1,case_weighted,-0.32922316384180794,max_z,-0.12257142857142857,False,0.0
e_diagnosis,max_z,openrca::mkt2,mean,-0.2790277687998276,max_z,-0.15602564102564104,False,0.0
e_diagnosis,max_z,openrca::mkt2,case_weighted,-0.32785714285714285,max_z,-0.15602564102564104,False,0.0
e_diagnosis,max_z,openrca::tel,mean,-0.2760224897651368,max_z,-0.18607843137254904,False,0.0
e_diagnosis,max_z,openrca::tel,case_weighted,-0.31936726272352134,max_z,-0.18607843137254904,False,0.0
e_diagnosis,max_z,petshop::high_traffic,mean,-0.28693802521008405,max_z,-0.07692307692307693,False,0.0
e_diagnosis,max_z,petshop::high_traffic,case_weighted,-0.31871010638297875,max_z,-0.07692307692307693,False,0.0
e_diagnosis,max_z,petshop::low_traffic,mean,-0.2753995636716225,max_z,-0.19230769230769232,False,0.0
e_diagnosis,max_z,petshop::low_traffic,case_weighted,-0.3147207446808511,max_z,-0.19230769230769232,False,0.0
e_diagnosis,max_z,petshop::temporal_traffic1,mean,-0.25713033290239173,max_z,-0.375,False,0.0
e_diagnosis,max_z,petshop::temporal_traffic1,case_weighted,-0.309961038961039,max_z,-0.375,False,0.0
e_diagnosis,max_z,petshop::temporal_traffic2,mean,-0.26963033290239174,max_z,-0.25,False,0.0
e_diagnosis,max_z,petshop::temporal_traffic2,case_weighted,-0.3112597402597403,max_z,-0.25,False,0.0
e_diagnosis,rcd,RE1::OB,mean,-0.1790180349062702,rcd,-0.5093333333333333,False,0.0
e_diagnosis,rcd,RE1::OB,case_weighted,-0.11498723838693212,rcd,-0.5093333333333333,False,0.0
e_diagnosis,rcd,RE1::SS,mean,-0.2054180349062702,rcd,-0.24533333333333332,False,0.0
e_diagnosis,rcd,RE1::SS,case_weighted,-0.16552322613578355,rcd,-0.24533333333333332,False,0.0
e_diagnosis,rcd,RE1::TT,mean,-0.22115136823960352,rcd,-0.088,False,0.0
e_diagnosis,rcd,RE1::TT,case_weighted,-0.19564063297600817,rcd,-0.088,False,0.0
e_diagnosis,rcd,openrca::bank,mean,-0.22459842706313293,rcd,-0.05352941176470589,False,0.0
e_diagnosis,rcd,openrca::bank,case_weighted,-0.2047871235721703,rcd,-0.05352941176470589,False,0.0
e_diagnosis,rcd,openrca::mkt1,mean,-0.22867993966817496,rcd,-0.01271428571428571,False,0.0
e_diagnosis,rcd,openrca::mkt1,case_weighted,-0.19472222222222224,rcd,-0.01271428571428571,False,0.0
e_diagnosis,rcd,openrca::mkt2,mean,-0.22769923148746676,rcd,-0.02252136752136752,False,0.0
e_diagnosis,rcd,openrca::mkt2,case_weighted,-0.1957095238095238,rcd,-0.02252136752136752,False,0.0
e_diagnosis,rcd,openrca::tel,mean,-0.2152585577820872,rcd,-0.1469281045751634,False,0.0
e_diagnosis,rcd,openrca::tel,case_weighted,-0.18055020632737276,rcd,-0.1469281045751634,False,0.0
e_diagnosis,rcd,petshop::high_traffic,mean,-0.22995136823960355,rcd,0.0,False,0.0
e_diagnosis,rcd,petshop::high_traffic,case_weighted,-0.18451241134751772,rcd,0.0,False,0.0
e_diagnosis,rcd,petshop::low_traffic,mean,-0.19533598362421892,rcd,-0.34615384615384615,False,0.0
e_diagnosis,rcd,petshop::low_traffic,case_weighted,-0.17254432624113475,rcd,-0.34615384615384615,False,0.0
e_diagnosis,rcd,petshop::temporal_traffic1,mean,-0.16745136823960355,rcd,-0.625,False,0.0
e_diagnosis,rcd,petshop::temporal_traffic1,case_weighted,-0.1737056277056277,rcd,-0.625,False,0.0
e_diagnosis,rcd,petshop::temporal_traffic2,mean,-0.20495136823960353,rcd,-0.25,False,0.0
e_diagnosis,rcd,petshop::temporal_traffic2,case_weighted,-0.1776017316017316,rcd,-0.25,False,0.0
max_z,rcd,RE1::OB,mean,0.06841229799612154,max_z,-0.03733333333333333,True,0.03733333333333333
max_z,rcd,RE1::OB,case_weighted,0.1647524247064829,max_z,-0.03733333333333333,True,0.03733333333333333
max_z,rcd,RE1::SS,mean,0.029212297996121527,max_z,0.3546666666666667,False,0.0
max_z,rcd,RE1::SS,case_weighted,0.08971413986727922,max_z,0.3546666666666667,False,0.0
max_z,rcd,RE1::TT,mean,0.03107896466278819,max_z,0.336,False,0.0
max_z,rcd,RE1::TT,case_weighted,0.09328739152628893,max_z,0.336,False,0.0
max_z,rcd,openrca::bank,mean,0.06089219995690585,max_z,0.037867647058823534,False,0.0
max_z,rcd,openrca::bank,case_weighted,0.15228452751817237,max_z,0.037867647058823534,False,0.0
max_z,rcd,openrca::mkt1,mean,0.05369325037707391,max_z,0.10985714285714285,False,0.0
max_z,rcd,openrca::mkt1,case_weighted,0.13450094161958567,max_z,0.10985714285714285,False,0.0
max_z,rcd,openrca::mkt2,mean,0.051328537312360846,max_z,0.13350427350427352,False,0.0
max_z,rcd,openrca::mkt2,case_weighted,0.13214761904761904,max_z,0.13350427350427352,False,0.0
max_z,rcd,openrca::tel,mean,0.060763931983049635,max_z,0.03915032679738562,False,0.0
max_z,rcd,openrca::tel,case_weighted,0.13881705639614852,max_z,0.03915032679738562,False,0.0
max_z,rcd,petshop::high_traffic,mean,0.05698665697048051,max_z,0.07692307692307693,False,0.0
max_z,rcd,petshop::high_traffic,case_weighted,0.13419769503546097,max_z,0.07692307692307693,False,0.0
max_z,rcd,petshop::low_traffic,mean,0.08006358004740358,max_z,-0.15384615384615385,True,0.15384615384615385
max_z,rcd,petshop::low_traffic,case_weighted,0.1421764184397163,max_z,-0.15384615384615385,True,0.15384615384615385
max_z,rcd,petshop::temporal_traffic1,mean,0.08967896466278819,max_z,-0.25,True,0.25
max_z,rcd,petshop::temporal_traffic1,case_weighted,0.13625541125541124,max_z,-0.25,True,0.25
max_z,rcd,petshop::temporal_traffic2,mean,0.06467896466278819,max_z,0.0,False,0.0
max_z,rcd,petshop::temporal_traffic2,case_weighted,0.13365800865800864,max_z,0.0,False,0.0
