family,layer,variant,a,b,k,pooled_cw,pooled_cw_lo,pooled_cw_hi,n_rev_cw,rev_cw,n_rev_ci_cw,rev_ci_cw,pooled_se,pooled_se_lo,pooled_se_hi,n_rev_se,rev_se,n_rev_ci_se,rev_ci_se,sd_sub_delta,n_pos,n_neg,re_delta,re_pi_lo,re_pi_hi,tau2,I2,pi_crosses_0,lrt,lrt_df,lrt_p,wald,wald_df,wald_p,separation,lrt_p_holm,wald_p_holm
ALL11,X4,mean,alertcount,baro,11,-0.20212082262210795,-0.23500032133676096,-0.16901028277634964,4,openrca::bank;openrca::mkt1;openrca::mkt2;openrca::tel,3,openrca::mkt1;openrca::mkt2;openrca::tel,-0.14537178997473116,-0.19609680258467022,-0.09649303747722868,4,openrca::bank;openrca::mkt1;openrca::mkt2;openrca::tel,3,openrca::mkt1;openrca::mkt2;openrca::tel,0.22128348915704182,4,6,-0.14499171208641964,-0.6522806418749059,0.3622972177020665,0.04558342313304037,95.54482922485386,True,104.92165662686511,10,0.0,137.68997055172642,10,1.2527852722736541e-24,True,0.0,6.263926361368271e-24
ALL11,X4,mean,alertcount,cd1min,11,-0.17462724935732651,-0.20861311053984574,-0.1402696015424165,5,openrca::bank;openrca::mkt2;openrca::tel;petshop::high_traffic;petshop::temporal_traffic2,0,,-0.09517414448296803,-0.14508455086580085,-0.04674889852794271,5,openrca::bank;openrca::mkt2;openrca::tel;petshop::high_traffic;petshop::temporal_traffic2,0,,0.20310091507230998,5,6,-0.10589456648552698,-0.555449456714922,0.34366032374386796,0.03575773960568394,93.25361130271003,True,80.65295012453112,10,3.738120923912902e-13,512.0119422212096,10,1.1956957315335616e-103,True,5.233369293478063e-12,9.565565852268492e-103
ALL11,X4,mean,alertcount,e_diagnosis,11,0.16696658097686373,0.13918862467866325,0.19511568123393316,0,,0,,0.12678538128538128,0.08402205502830504,0.1688542598333039,0,,0,,0.10844655341255284,9,0,,,,,,,11.794704989572324,10,0.29903112417724187,3308.5852032190905,10,0.0,True,0.29903112417724187,0.0
ALL11,X4,mean,alertcount,max_z,11,-0.14366323907455014,-0.17773971722365042,-0.10875064267352189,2,openrca::bank;openrca::tel,0,,-0.14106037589861117,-0.19622538858200625,-0.08541193169575524,2,openrca::bank;openrca::tel,0,,0.16358724614056133,2,9,-0.12470608310953538,-0.4710255261937236,0.22161335997465284,0.02100496742411624,89.51782265232784,True,61.73898812524317,10,1.6963168647521343e-09,997.1489710093133,10,7.692231635395955e-208,True,1.8659485512273477e-08,7.692231635395955e-207
ALL11,X4,mean,alertcount,rcd,11,-0.011379605826906595,-0.042395565552699216,0.020459404455869752,5,openrca::bank;openrca::mkt1;openrca::mkt2;openrca::tel;petshop::high_traffic,3,openrca::bank;openrca::mkt1;openrca::mkt2,-0.0822613171142583,-0.14601393683930447,-0.017043263639954873,5,openrca::bank;openrca::mkt1;openrca::mkt2;openrca::tel;petshop::high_traffic,3,openrca::bank;openrca::mkt1;openrca::mkt2,0.2263067525556512,5,6,-0.046295872664914015,-0.47889212678699894,0.3863003814571709,0.03297644921845202,83.61466798794896,True,46.46630501051277,10,1.1805001954856564e-06,440.81200284185695,10,1.9032226278749992e-88,True,9.444001563885251e-06,1.3322558395124994e-87
ALL11,X4,mean,baro,cd1min,11,0.0274935732647815,-0.004640424164524419,0.05878084832904881,4,RE1::SS;openrca::bank;openrca::mkt1;openrca::mkt2,3,RE1::SS;openrca::mkt1;openrca::mkt2,0.05019764549176314,0.012412864096687628,0.0923814202953909,4,RE1::SS;openrca::bank;openrca::mkt1;openrca::mkt2,3,RE1::SS;openrca::mkt1;openrca::mkt2,0.12001162374770603,7,4,0.03376239014329026,-0.21846679226817373,0.2859915725547542,0.011081673035646129,80.42496409113603,True,37.84385420531726,10,4.04016535409113e-05,1412.4760846578101,10,2.008037122889554e-297,True,0.0002020082677045565,2.4096445474674648e-296
ALL11,X4,mean,baro,e_diagnosis,11,0.36908740359897174,0.3408097686375322,0.39724967866323907,0,,0,,0.27215717126011246,0.21957472931480285,0.3249945566688214,0,,0,,0.25576016095558124,11,0,0.27919361216620514,-0.3150447933932184,0.8734320177256287,0.0626993649401438,97.85193130078805,True,48.445306895391354,10,5.146214432372176e-07,8451.56160894359,10,0.0,True,4.631592989134958e-06,0.0
ALL11,X4,mean,baro,max_z,11,0.05845758354755785,0.030115359897172237,0.08759672236503857,6,openrca::mkt1;openrca::mkt2;openrca::tel;petshop::low_traffic;petshop::temporal_traffic1;petshop::temporal_traffic2,2,openrca::mkt1;openrca::mkt2,0.0043114140761199606,-0.03510983171240525,0.037849607622769385,6,openrca::mkt1;openrca::mkt2;openrca::tel;petshop::low_traffic;petshop::temporal_traffic1;petshop::temporal_traffic2,2,openrca::mkt1;openrca::mkt2,0.12027607528798026,5,6,0.015670800905885577,-0.23073502306934876,0.26207662488111994,0.010623741599640964,84.31746486896675,True,24.681289111141268,10,0.005983488265038361,57.792302894084834,10,9.459114398832984e-09,False,0.011966976530076723,2.8377343196498955e-08
ALL11,X4,mean,baro,rcd,11,0.19074121679520134,0.15907015852613537,0.2217061910882605,4,openrca::tel;petshop::low_traffic;petshop::temporal_traffic1;petshop::temporal_traffic2,0,,0.06311047286047286,-1.8948984022511026e-05,0.13021501623376616,4,openrca::tel;petshop::low_traffic;petshop::temporal_traffic1;petshop::temporal_traffic2,0,,0.25513524398417087,7,4,0.10126022025698628,-0.4168642817478208,0.6193847222617934,0.047406926975665196,94.09858713187262,True,65.37631963545255,10,3.433949791187274e-10,1393.6967515333906,10,2.277372586466378e-293,True,4.120739749424729e-09,2.505109845113016e-292
ALL11,X4,mean,cd1min,e_diagnosis,11,0.3415938303341903,0.31460154241645244,0.3688946015424165,0,,0,,0.22195952576834926,0.17987685023310024,0.2651214990891462,0,,0,,0.2683860592115248,9,0,,,,,,,39.57383227218145,10,2.013685049206959e-05,13642.495821362363,10,0.0,True,0.00012082110295241755,0.0
ALL11,X4,mean,cd1min,max_z,11,0.03096401028277636,-0.0024450514138817424,0.06546272493573264,7,RE1::TT;openrca::mkt2;openrca::tel;petshop::high_traffic;petshop::low_traffic;petshop::temporal_traffic1;petshop::temporal_traffic2,2,RE1::TT;petshop::low_traffic,-0.045886231415643186,-0.09489397820316937,-0.0008825977943625065,4,RE1::OB;RE1::SS;openrca::bank;openrca::mkt1,2,RE1::OB;RE1::SS,0.15569115682228626,4,7,-0.019146966870610717,-0.3245783450910731,0.2862844113498516,0.016310781352013227,82.77541600144703,True,43.515603776066655,10,4.02091340445665e-06,47.35457515930462,10,8.138801555135772e-07,True,2.8146393831196548e-05,1.6277603110271544e-06
ALL11,X4,mean,cd1min,rcd,11,0.1632476435304199,0.13154188089117394,0.1948501499571551,4,openrca::tel;petshop::low_traffic;petshop::temporal_traffic1;petshop::temporal_traffic2,2,petshop::low_traffic;petshop::temporal_traffic1,0.01291282736870971,-0.03872813432482547,0.06185848391804271,4,openrca::tel;petshop::low_traffic;petshop::temporal_traffic1;petshop::temporal_traffic2,2,petshop::low_traffic;petshop::temporal_traffic1,0.28316421741413167,6,4,,,,,,,75.51872083514263,10,3.770539436231957e-12,138.38274972109022,10,9.037123646722457e-25,True,4.9017012671015436e-11,5.422274188033475e-24
ALL11,X4,mean,e_diagnosis,max_z,11,-0.31062982005141393,-0.340836118251928,-0.2795883676092545,0,,0,,-0.26784575718399245,-0.3242773613641261,-0.21046766787134438,0,,0,,0.173716989086001,0,11,-0.2623147685311255,-0.6563844570478211,0.1317549199855701,0.02732543986911011,93.45640579000953,True,26.015974627908236,10,0.0037187602389535668,17.94493842692525,10,0.05589958541791161,True,0.0111562807168607,0.05589958541791161
ALL11,X4,mean,e_diagnosis,rcd,11,-0.17834618680377035,-0.20564867180805485,-0.15190199228791776,0,,0,,-0.2090466983996396,-0.2662496017871017,-0.15038128701363998,0,,0,,0.21088308651015222,0,10,,,,,,,36.344246376622664,10,7.344495465810841e-05,79.82667662339685,10,5.428898229941451e-13,True,0.00029377981863243363,2.1715592919765804e-12
ALL11,X4,mean,max_z,rcd,11,0.13228363324764356,0.09880291345329908,0.16510732647814913,3,RE1::OB;petshop::low_traffic;petshop::temporal_traffic1,0,,0.05879905878435291,-0.00024477267014031475,0.11832524007854892,3,RE1::OB;petshop::low_traffic;petshop::temporal_traffic1,0,,0.18082922558269138,7,3,0.09234105244413769,-0.2523123660540351,0.43699447094231053,0.020779301184867136,85.70708223412754,True,50.06621675108477,10,2.5952761750769326e-07,753.9982949043145,10,1.5889891070996131e-155,True,2.5952761750769326e-06,1.4300901963896519e-154
