a,b,rule,pooled,n_rev
alertcount,baro,mean,-0.14537178997473113,4
alertcount,baro,median,-0.11538461538461539,4
alertcount,baro,case_weighted,-0.20212082262210798,4
alertcount,baro,trimmed,-0.13087321338791927,4
alertcount,cd1min,mean,-0.09517414448296803,5
alertcount,cd1min,median,-0.01685714285714286,5
alertcount,cd1min,case_weighted,-0.17462724935732646,5
alertcount,cd1min,trimmed,-0.06887950992362758,5
alertcount,e_diagnosis,mean,0.1267853812853813,0
alertcount,e_diagnosis,median,0.125,0
alertcount,e_diagnosis,case_weighted,0.16696658097686376,0
alertcount,e_diagnosis,trimmed,0.11495991045991046,0
alertcount,max_z,mean,-0.1410603758986112,2
alertcount,max_z,median,-0.112,2
alertcount,max_z,case_weighted,-0.14366323907455011,2
alertcount,max_z,trimmed,-0.13565385812444639,2
alertcount,rcd,mean,-0.08226131711425828,5
alertcount,rcd,median,-0.013333333333333327,5
alertcount,rcd,case_weighted,-0.011379605826906595,5
alertcount,rcd,trimmed,-0.04557484817288738,5
baro,cd1min,mean,0.050197645491763136,4
baro,cd1min,median,0.0196078431372549,4
baro,cd1min,case_weighted,0.027493573264781492,4
baro,cd1min,trimmed,0.04176537623596447,4
baro,e_diagnosis,mean,0.2721571712601124,0
baro,e_diagnosis,median,0.15384615384615385,0
baro,e_diagnosis,case_weighted,0.36908740359897174,0
baro,e_diagnosis,trimmed,0.25230320931791517,0
baro,max_z,mean,0.004311414076119962,6
baro,max_z,median,-0.038461538461538464,5
baro,max_z,case_weighted,0.05845758354755785,6
baro,max_z,trimmed,-0.00661938279585339,5
baro,rcd,mean,0.06311047286047286,4
baro,rcd,median,0.039529914529914535,4
baro,rcd,case_weighted,0.1907412167952014,4
baro,rcd,trimmed,0.06635724460724461,4
cd1min,e_diagnosis,mean,0.2219595257683493,0
cd1min,e_diagnosis,median,0.125,0
cd1min,e_diagnosis,case_weighted,0.3415938303341902,0
cd1min,e_diagnosis,trimmed,0.18417275371687136,0
cd1min,max_z,mean,-0.04588623141564318,4
cd1min,max_z,median,-0.06862745098039216,4
cd1min,max_z,case_weighted,0.030964010282776344,7
cd1min,max_z,trimmed,-0.053194282841341665,4
cd1min,rcd,mean,0.012912827368709719,4
cd1min,rcd,median,0.07580882352941176,4
cd1min,rcd,case_weighted,0.16324764353041987,4
cd1min,rcd,trimmed,0.01148604826546003,4
e_diagnosis,max_z,mean,-0.2678457571839925,0
e_diagnosis,max_z,median,-0.19230769230769232,0
e_diagnosis,max_z,case_weighted,-0.31062982005141393,0
e_diagnosis,max_z,trimmed,-0.2521533613445378,0
e_diagnosis,rcd,mean,-0.20904669839963957,0
e_diagnosis,rcd,median,-0.1469281045751634,0
e_diagnosis,rcd,case_weighted,-0.17834618680377035,0
e_diagnosis,rcd,trimmed,-0.18605707582178171,0
max_z,rcd,mean,0.058799058784352896,3
max_z,rcd,median,0.03915032679738562,3
max_z,rcd,case_weighted,0.13228363324764353,3
max_z,rcd,trimmed,0.060235886662357255,3
