family,layer,held_out,n_methods,winner,winner_acc,best_acc,best_methods,regret
RE1,L1,RE1::OB,5,baro,0.736,0.736,baro,0.0
RE1,L1,RE1::SS,5,baro,0.848,0.848,baro,0.0
RE1,L1,RE1::TT,5,baro,0.56,0.56,baro,0.0
RE1,L2,RE1::OB,8,baro,0.736,0.736,baro,0.0
RE1,L2,RE1::SS,8,baro,0.848,0.928,cd1min,0.08000000000000007
RE1,L2,RE1::TT,8,cd1min,0.28,0.56,baro,0.28
openrca,L1,openrca::bank,3,baro,0.16044117647058823,0.16044117647058823,baro,0.0
openrca,L1,openrca::mkt1,3,baro,0.05714285714285714,0.05714285714285714,baro,0.0
openrca,L1,openrca::mkt2,3,baro,0.10576923076923077,0.10576923076923077,baro,0.0
openrca,L1,openrca::tel,3,baro,0.18274509803921568,0.19261437908496734,rcd,0.00986928104575166
openrca,L2,openrca::bank,6,max_z,0.12691176470588236,0.17213235294117646,alertcount,0.045220588235294096
openrca,L2,openrca::mkt1,6,alertcount,0.144,0.16085714285714287,cd1min,0.016857142857142876
openrca,L2,openrca::mkt2,6,alertcount,0.19653846153846155,0.19974358974358974,max_z,0.0032051282051281937
openrca,L2,openrca::tel,6,cd1min,0.1631372549019608,0.2415686274509804,alertcount,0.0784313725490196
petshop,L1,petshop::high_traffic,5,circa,0.2692307692307692,0.3076923076923077,counterfactual_attribution,0.03846153846153849
petshop,L1,petshop::low_traffic,5,circa,0.38461538461538464,0.38461538461538464,circa,0.0
petshop,L1,petshop::temporal_traffic1,5,circa,0.5,0.625,rcd,0.125
petshop,L1,petshop::temporal_traffic2,5,circa,0.625,0.625,circa,0.0
petshop,L2,petshop::high_traffic,11,baseline,0.38461538461538464,0.7307692307692307,ranked_correlation,0.3461538461538461
petshop,L2,petshop::low_traffic,11,ranked_correlation,0.5769230769230769,0.5769230769230769,baseline;ranked_correlation,0.0
petshop,L2,petshop::temporal_traffic1,11,baseline,0.625,0.75,ranked_correlation,0.125
petshop,L2,petshop::temporal_traffic2,11,ranked_correlation,0.5,0.875,baseline,0.375
