id,repo_urls,checked_utc,repo_ref,L1,kind,L2_methods,L2_datasets,L2_cases,L3,evidence_paths,note
baro2024,https://github.com/phamquiluan/baro;https://zenodo.org/records/11094092;https://zenodo.org/records/11046533,2026-10-03T08:00:00Z,phamquiluan/baro@e35f4ec1095e5cac891d52de9ad18a5b32a37ec8,yes,demo_case,BARO (the saved output of the tutorial notebook on one case),tutorial case,1,no,"github.com/phamquiluan/baro, tutorials/how-to-use-baro.ipynb cells[16].outputs (saved ranking, first entries cartservice_latency-50, cartservice_mem); zenodo.org/api/records/11094092; zenodo.org/api/records/11046533","Author verification 3 Oct 2026: the tutorial notebook at the same commit stores the ranking BARO produced on one case, so the repository is not code only; the Zenodo records hold code and raw telemetry with anomaly-detection caches. No per-case outputs of the other methods of the paper's comparison."
circa2022,https://github.com/NetManAIOps/CIRCA,2026-10-03T08:00:00Z,NetManAIOps/CIRCA@0215e1880096aa02a305c697f1c23cac4600ebd2,yes,all_methods_one_table,"all 11 methods of Table 1 (NSigma, SPOT, DFS, DFS-MS, DFS-MH, RW-Par, RW-2, ENMF, CRD, RHT, RHT-PG)","simulation study (50, 100, 500 nodes; 10 runs each); no per-case outputs for the production (Oracle) dataset of Table 3","100 per run; 330 ranking files, 33,000 method-by-case rankings",partial,"github.com/NetManAIOps/CIRCA README -> doi.org/10.6084/m9.figshare.19085855 -> circa.zip -> circa/cache.zip -> output/sim/{50,100,500}/{0..9}/*.json; circa/circa/alg/common.py Evaluation.dump() writes the rankings; circa/img/utils.R maps file names to method names; report/oracle/ holds summary CSVs only","Author verification 3 Oct 2026: the archive linked from the README contains the per-case rankings of every method of the simulation study; 50-node means recomputed from the summary CSVs match Table 1 (NSigma 0.432, RHT 0.598, RHT-PG 0.615). Only summary files were found for the Oracle dataset."
rcd2022,https://github.com/azamikram/rcd,2026-10-02T13:45:20Z,azamikram/rcd@373882c6982db7a999ec1ff99ea54c644a48b409,no,,,,,no,github.com/azamikram/rcd (tree listing),"The repository contains raw input telemetry such as sock-shop-data/*/{anomalous.csv,normal.csv}; no prediction/ranking output files."
tracerca2021,https://github.com/NetManAIOps/TraceRCA,2026-10-03T08:00:00Z,NetManAIOps/TraceRCA@b9087c72d201fbb17d724114cd389de4854815ad,undeterminable,,,,,undeterminable,github.com/NetManAIOps/TraceRCA (tree listing),"Author verification 3 Oct 2026: the code repository (15 files) contains no outputs; the data archive linked from the paper is no longer reachable, so the release as a whole cannot be classified."
microrank2021,https://github.com/IntelligentDDS/MicroRank,2026-10-02T13:45:20Z,IntelligentDDS/MicroRank@efd85e8e6f0fad30f6f8aaf0555e3324d8f5f982,no,,,,,no,github.com/IntelligentDDS/MicroRank (tree listing),"No full text of the paper available; only the official repository could be checked; the repository contains code plus the paper PDF, no data or output files."
rcaeval2025,https://github.com/phamquiluan/RCAEval;https://zenodo.org/records/13305663,2026-10-03T08:00:00Z,phamquiluan/RCAEval@259ea4167160256a74ad30004aa3d96a998c846e,yes,demo_case,"BARO and the multi-source BARO variant (saved outputs of two documentation notebooks, one case each)",documentation cases,2,no,"github.com/phamquiluan/RCAEval, docs/code-level-rca.ipynb cells[9] (saved ranking, first entry cartservice_stack); docs/multi-source-rca-demo.ipynb cells[10] (printed top-5, first entry redis_mem); zenodo.org/api/records/13305663 (nine data zips: raw telemetry and ground truth)",Author verification 3 Oct 2026: two documentation notebooks at the checked commit store the output of one case each. No per-case outputs of the eight methods of Table 6.
fang2026,https://github.com/LGU-SE-Internal/Simple-RCA,2026-10-02T13:45:20Z,LGU-SE-Internal/Simple-RCA@1be391178d872302dd17fcefa3d2cc4505ce4513 (orig branch; RCAEval used the rcaeval/rcaeval_re3_ss branches of the same repository),no,,,,,no,"github.com/LGU-SE-Internal/Simple-RCA (orig branch tree listing, 29 files); fang2026.txt, original text of the data-availability statement","The paper's data-availability statement is in future tense (""we promise to release""); the actual repository (orig branch) already exists but is pure code, with no result files."
openrca2025,https://github.com/microsoft/OpenRCA,2026-10-03T08:00:00Z,microsoft/OpenRCA@c1bd4af7f635171a1c31cdd567c07d698dff6abc,yes,own_method,"OpenRCA agent, one archived run (the files record neither the model nor the setting; the current api_router.py default is unrelated to the archive)",Bank;Market-cloudbed-1;Market-cloudbed-2;Telecom,"335 (136+70+78+51, counted precisely using csv.DictReader; exactly matches the 335 faults claimed in the abstract)",no,"github.com/microsoft/OpenRCA, paths rca/archive/agent-Bank.csv; rca/archive/agent-Market-cloudbed-1.csv; rca/archive/agent-Market-cloudbed-2.csv; rca/archive/agent-Telecom.csv (each row contains prediction/groundtruth/pass-fail/score fields)","Author verification 3 Oct 2026: 335 rows confirmed (136+70+78+51; columns instruction, prediction, groundtruth, passed, failed, score, row_id, task_index). The paper's main table compares several models and settings; the archive is one run, so L3 = no."
petshop2024,https://github.com/amazon-science/petshop-root-cause-analysis,2026-10-02T13:45:20Z,amazon-science/petshop-root-cause-analysis@2e96f937c4c044b8b4aad03217592cd52e66db5d,no,,,,,no,"github.com/amazon-science/petshop-root-cause-analysis (tree listing); code/RCA-Dataset-Eval.ipynb (downloaded via gh api contents + base64, then inspected cell outputs with Python's json module)","Under dataset/, each issue has only metrics.csv (raw metrics) and target.json (ground truth); the notebook computes accuracy on the fly via rca_task.evaluate(), and its saved cell outputs are only aggregate print statements (e.g., ""top1 got 0.571"") -- no per-case prediction table is persisted."
eadro2023,https://github.com/BEbillionaireUSD/Eadro,2026-10-03T08:00:00Z,BEbillionaireUSD/Eadro@82ff9c9a7a58a9cd2b713aa78754a73c543a15db,no,,,,,no,github.com/BEbillionaireUSD/Eadro (tree listing),"Pure code repository (codes/*.py), no data or output files. Author verification 3 Oct 2026: the two zips of Zenodo record 7615394 and all 8 nested tgz/txz/xz archives were listed; metrics, spans, logs, and fault labels only."
nezha2023,https://github.com/IntelligentDDS/Nezha,2026-10-02T13:45:20Z,IntelligentDDS/Nezha@d8140101fdb4e7dfb60d3ef9f64706f382b68470,yes,,Nezha's own method (no per-case files found for baseline methods),OnlineBoutique;TrainTicket (full text of the paper unavailable; could not verify whether there is a third system),"Consistent with the ""Fault number"" counts embedded in the log files (e.g., 56 cases under a single configuration), but the logs are unstructured text, so a unified total across all configurations could not be given",no,"github.com/IntelligentDDS/Nezha, paths log/OnlineBoutique_service_result.log; log/OnlineBoutique_innerservice_result.log; log/Trainticket_service_result.log; log/Trainticket_innerservice_Result.log","No full text of the paper available; checked against the official repository. The 4 pre-generated run logs under log/ record, in unstructured text form, each injected fault case's comparison between Nezha's own ranked predictions and the ground truth, along with aggregate metrics such as AC@1/3/5; the format is fairly crude (not clean csv/json). Since only Nezha's own output is present, with no baseline per-case data, L3 = no."
mabc2024,https://github.com/zwpride/mABC,2026-10-02T13:45:20Z,zwpride/mABC@79272cea7e59202f530495d17e8f6327a31cb545,no,,,,,no,github.com/zwpride/mABC (tree listing),"The repository contains result.png and several statistical-chart images under handle/info/figs, but no structured per-case prediction files (csv/json, etc.)."
mulan2024,none found (no code or data link by the authors in the paper),2026-10-02T13:45:20Z,,no,,,,,no,"mulan2024.txt, full-text keyword search (github/zenodo/doi/drive.google/anonymous.4open.science, etc. -- no hits)",No link to the authors' own code/data repository was found anywhere in the paper's full text; no external verification was undertaken -- the conclusion is based on the negative result of the full-text search.
ocean2024,none found (no code or data link by the authors in the paper),2026-10-02T13:45:20Z,,no,,,,,no,"ocean2024.txt, full-text keyword search (including an -a re-grep, since the file command classified this file as ""data""); GitHub search for ""Ocean RCA microservice""","No link to the authors' own repository/dataset was found in the full text; there is an unofficial third-party reproduction repository on GitHub unrelated to this paper's authors, which is not counted within the scope of checking official released artifacts."
tvdiag2024,https://github.com/WHU-AISE/TVDiag,2026-10-02T13:45:20Z,WHU-AISE/TVDiag@cf6f334887036f363807bac1b8995c3b6f47c5db,no,,,,,no,"github.com/WHU-AISE/TVDiag, paths logs/gaia/gaia.log; logs/hotel/*.log; logs/sockshop/*.log (downloaded via gh api contents + base64 and inspected)","Under logs/ are training run logs containing only aggregate metrics such as HR@1-5/MRR/precision/recall/F1; under data/ there are only raw pkl/json files and label.csv (ground-truth labels), no per-case prediction files."
mrca2024,https://github.com/ddd87613/MRCA,2026-10-02T13:45:20Z,ddd87613/MRCA@c507790fb7c40255ea54b8ccada21bf1383fa8ad,no,,,,,undeterminable,github.com/ddd87613/MRCA (tree listing),"No full text of the paper available (ACM paywall); the corresponding repository was confirmed only by matching the repository README against the paper title. The repository itself is pure code, with no data/output files. The ""AD results"" (anomaly-detection-stage results) mentioned in the README link out to a Microsoft SharePoint shared folder, whose file list or contents could not be checked through any available API; judging from the naming and the paper's pipeline structure, this should be the output of the intermediate anomaly-detection stage rather than the final root-cause localization prediction, but this could not be independently confirmed. The judgment on this external link is therefore recorded as undeterminable, and the repository itself is recorded as no."
chase2024,"Google Drive link (mentioned in the paper's main text, not GitHub/Zenodo)",2026-10-03T08:00:00Z,"Google Drive archive CHASE.7z linked from the paper (downloaded by an author, 3 Oct 2026)",yes,own_method,CHASE (own method); no outputs of the baselines,GAIA (test split of gaia_resplit.csv),939,no,"CHASE/data/gaia/demo/demo_1100/dgl/stratification_10/9/preds/multitask_seed2_instance_pred_multi_v0.csv (939 rows: index, Top1..Top5, GroundTruth); multitask_seed2_anomaly_pred_multi_v0.csv (939 rows); models/He_DGL.py lines 883-916 write these files; evaluations/*.csv contain headers only","Author verification 3 Oct 2026: the archive behind the Google Drive link (47 files, 14 Python sources) was downloaded and listed; it holds the predictions of the authors' method on the 939 test cases, whose indices match the test split. No baseline outputs; the correspondence to a row of the paper's Table II was not established."
howfar2024,https://github.com/phamquiluan/RCAEval;https://zenodo.org/records/13305663,2026-10-03T08:00:00Z,phamquiluan/RCAEval@259ea4167160256a74ad30004aa3d96a998c846e,yes,demo_case,"BARO and the multi-source BARO variant (saved outputs of two documentation notebooks, one case each)",documentation cases,2,no,"github.com/phamquiluan/RCAEval, docs/code-level-rca.ipynb cells[9] (saved ranking, first entry cartservice_stack); docs/multi-source-rca-demo.ipynb cells[10] (printed top-5, first entry redis_mem); zenodo.org/api/records/13305663 (nine data zips: raw telemetry and ground truth)","Author verification 3 Oct 2026: two documentation notebooks at the checked commit store the output of one case each. Same repository as rcaeval2025 at its current HEAD, not the commit at the time of the ASE 2024 paper; not an independent release."
lemmarca2024,https://github.com/zhengzhangchen/LEMMA_rca_baselines;https://lemma-rca.github.io;https://zenodo.org/records/20516735,2026-10-03T08:00:00Z,zhengzhangchen/LEMMA_rca_baselines@9b56afb2e34aba93f867e75c8290b9120c8c1c8d,no,,,,,no,"github.com/zhengzhangchen/LEMMA_rca_baselines (tree listing, 129 files); lemma-rca.github.io page content; zenodo.org/api/records/20516735 (files field)","The GitHub repository is pure baseline code, with no result files; the project homepage only offers raw/preprocessed data downloads, with no results; the files field of the Zenodo record (20516735) contains only README/dataset_card/access_instructions/metadata-type files, no actual data or result files. Author verification 3 Oct 2026: the two Hugging Face dataset repositories (Lemma-RCA-NEC/Product_Review_Original rev 63aa4ab, Cloud_Computing_Original rev 9e5ad23) are public; the outer directories of 9 of their 10 zips (45,433 entries: metrics, logs, traces, load-test results, nested zips) show no per-case prediction files; one 136 MB directory and the nested archives were not examined, so this is 'none found in the examined scope'."
sparserca2024,none found (no code or data link by the authors in the paper),2026-10-02T13:45:20Z,,no,,,,,no,"sparserca2024.txt, full-text keyword search",No link to the authors' own code/data repository was found anywhere in the paper's full text.
tracecontrast2024,none found (no code or data link by the authors in the paper),2026-10-02T13:45:20Z,,no,,,,,no,"tracecontrast2024.txt, full-text keyword search",No link to the authors' own code/data repository was found anywhere in the paper's full text.
tracediag2023,none found (no code or data link by the authors in the paper),2026-10-02T13:45:20Z,,no,,,,,no,"tracediag2023.txt, full-text keyword search (including an -a re-grep, since the file command classified this file as ""data"")","No link to the authors' own code/data repository was found anywhere in the paper's full text; this is a Microsoft industry paper, with no evidence of publicly released code."
run2024,https://github.com/zmlin1998/RUN,2026-10-02T13:45:20Z,zmlin1998/RUN@e2c97d7b5796455a1acbd66ab10c5bbb88eaccc8,no,,,,,no,github.com/zmlin1998/RUN (tree listing),"Pure code repository (RUN.py, model.py, data_provider/, etc.), no data or output files."
dynacausal2025,none found (no code or data link by the authors in the paper),2026-10-02T13:45:20Z,,no,,,,,no,"dynacausal2025.txt, full-text keyword search (including an -a re-grep, since the file command classified this file as ""data"")",No link to the authors' own code/data repository was found anywhere in the paper's full text.
causalrca2023,https://github.com/AXinx/CausalRCA_code,2026-10-03T08:00:00Z,AXinx/CausalRCA_code@21f4eb0d8139aa5046402f15e66fd56b65fd3844,yes,own_method,CausalRCA's own method (no per-case files found for baseline methods),Sock Shop,"Multiple result sets formed by combinations of fault types (cpu/memory/network) with services/hyperparameters (eta100/1000, gamma5/75); not individually cross-checked against the row count of the paper's main table",no,"github.com/AXinx/CausalRCA_code, paths pa_result/all_service/*.txt; pa_result/single_service/*.txt; pa_result/latency/*.txt (per-case ranked predictions and PC/pagerank scores); data_collected/*.pkl (raw collected per-fault-type metrics, which are input data rather than output)","Author verification 3 Oct 2026: 36 .txt files under pa_result/{all_service,single_service,latency} with per-case rankings and scores of the authors' method and its parameter variants; no baseline outputs."
toomanycooks2025,https://anonymous.4open.science/r/Empirical-Study-on-Multisource-Failure-Diagnosis-49F0;https://anonymous.4open.science/r/microservo,2026-10-02T13:45:20Z,,undeterminable,,,,,undeterminable,"anonymous.4open.science/api/repo/Empirical-Study-on-Multisource-Failure-Diagnosis-49F0/file/list -> {error: repo_not_found}; anonymous.4open.science/api/repo/microservo/file/list -> {error: repository_expired}; GitHub search org:AIOps-Lab-NKU listed 30 repositories, with no obvious corresponding non-anonymous mirror found","The paper's main text mentions two anonymous.4open.science double-blind-review links (one hosting reproduction code for four baseline methods -- PDiagnose/CloudRCA/RMLAD/TrinityRCL -- and one hosting a newly created MicroServo dataset); the double-blind review period has ended, and both links are now invalid/expired, so their contents could not be checked. No non-anonymous permanent repository was found under the GitHub organization where the authors might reside, either, so this is recorded as undeterminable."
