scenario,split,issue,case_id,method,target_node,target_metric,gt_node,gt_metric,top1_node,top1_metric,hit1,hit3,hit1_nodeonly,hit3_nodeonly,n_returned,empty,err,sec
high_traffic,train,issue_0,high_traffic|train|issue_0,random_walk,PetSite,latency,PetSearch_AWS::ECS::Fargate,,Evidently_AWS::Evidently,latency,0,0,0,0,4,0,,1.91
high_traffic,train,issue_1,high_traffic|train|issue_1,random_walk,PetSite,latency,PetSearch_AWS::ECS::Fargate,,,,0,0,0,0,0,1,,0.02
high_traffic,train,issue_2,high_traffic|train|issue_2,random_walk,PetSite,latency,PetSearch_AWS::ECS::Fargate,,Evidently_AWS::Evidently,latency,0,0,0,0,4,0,,1.8
high_traffic,train,issue_3,high_traffic|train|issue_3,random_walk,PetSite,latency,PetSearch_AWS::ECS::Fargate,,,,0,0,0,0,0,1,,0.02
high_traffic,train,issue_4,high_traffic|train|issue_4,random_walk,PetSite,availability,PetSearch_AWS::ECS::Fargate,,Evidently_AWS::Evidently,availability,0,0,0,0,4,0,,1.77
high_traffic,train,issue_5,high_traffic|train|issue_5,random_walk,PetSite,availability,PetSearch_AWS::ECS::Fargate,,Evidently_AWS::Evidently,availability,0,0,0,0,4,0,,2.01
high_traffic,train,issue_6,high_traffic|train|issue_6,random_walk,PetSite,availability,PetSearch_AWS::ECS::Fargate,,Evidently_AWS::Evidently,availability,0,0,0,0,4,0,,2.61
high_traffic,train,issue_7,high_traffic|train|issue_7,random_walk,PetSite,availability,PetSearch_AWS::ECS::Fargate,,Evidently_AWS::Evidently,availability,0,0,0,0,4,0,,2.21
high_traffic,test,issue_0,high_traffic|test|issue_0,random_walk,PetSite,latency,lambdastatusupdater_AWS::Lambda::Function,,Evidently_AWS::Evidently,latency,0,0,0,0,4,0,,3.04
high_traffic,test,issue_1,high_traffic|test|issue_1,random_walk,PetSite,latency,lambdastatusupdater_AWS::Lambda::Function,,Evidently_AWS::Evidently,latency,0,0,0,0,4,0,,3.04
high_traffic,test,issue_10,high_traffic|test|issue_10,random_walk,PetSite,availability,payforadoption_AWS::ECS::Container,,www.amazon.com_remote,availability,0,0,0,0,4,0,,1.27
high_traffic,test,issue_11,high_traffic|test|issue_11,random_walk,PetSite,availability,lambdastatusupdater_AWS::Lambda::Function,,petInfo_AWS::DynamoDB::Table,availability,0,0,0,0,4,0,,3.51
high_traffic,test,issue_12,high_traffic|test|issue_12,random_walk,PetSite,availability,payforadoption_AWS::ECS::Container,,www.amazon.com_remote,availability,0,0,0,0,4,0,,0.8
high_traffic,test,issue_13,high_traffic|test|issue_13,random_walk,PetSite,availability,lambdastatusupdater_AWS::Lambda::Function,,invalid_AWS::DynamoDB::Table,availability,0,0,0,0,4,0,,2.34
high_traffic,test,issue_14,high_traffic|test|issue_14,random_walk,PetSite,availability,petlistadoptions_AWS::ECS::Fargate,,Evidently_AWS::Evidently,availability,0,0,0,0,4,0,,1.82
high_traffic,test,issue_15,high_traffic|test|issue_15,random_walk,PetSite,availability,petlistadoptions_AWS::ECS::Fargate,,Evidently_AWS::Evidently,availability,0,0,0,0,4,0,,2.11
high_traffic,test,issue_16,high_traffic|test|issue_16,random_walk,PetSite,availability,petlistadoptions_AWS::ECS::Fargate,,Evidently_AWS::Evidently,availability,0,0,0,0,4,0,,2.29
high_traffic,test,issue_17,high_traffic|test|issue_17,random_walk,PetSite,availability,petlistadoptions_AWS::ECS::Fargate,,Evidently_AWS::Evidently,availability,0,0,0,0,4,0,,1.88
high_traffic,test,issue_2,high_traffic|test|issue_2,random_walk,PetSite,latency,lambdastatusupdater_AWS::Lambda::Function,,Evidently_AWS::Evidently,latency,0,0,0,0,4,0,,2.66
high_traffic,test,issue_3,high_traffic|test|issue_3,random_walk,PetSite,latency,petInfo_AWS::DynamoDB::Table,,Evidently_AWS::Evidently,latency,0,1,0,1,4,0,,3.66
high_traffic,test,issue_4,high_traffic|test|issue_4,random_walk,PetSite,latency,lambdastatusupdater_AWS::Lambda::Function,,Evidently_AWS::Evidently,latency,0,0,0,0,4,0,,2.56
high_traffic,test,issue_5,high_traffic|test|issue_5,random_walk,PetSite,latency,petInfo_AWS::DynamoDB::Table,,Evidently_AWS::Evidently,latency,0,1,0,1,4,0,,3.17
high_traffic,test,issue_6,high_traffic|test|issue_6,random_walk,PetSite,latency,payforadoption_AWS::ECS::Container,,Evidently_AWS::Evidently,latency,0,0,0,0,4,0,,1.65
high_traffic,test,issue_7,high_traffic|test|issue_7,random_walk,PetSite,latency,payforadoption_AWS::ECS::Container,,Evidently_AWS::Evidently,latency,0,0,0,0,4,0,,1.58
high_traffic,test,issue_8,high_traffic|test|issue_8,random_walk,PetSite,latency,payforadoption_AWS::ECS::Container,,Evidently_AWS::Evidently,latency,0,0,0,0,4,0,,1.7
high_traffic,test,issue_9,high_traffic|test|issue_9,random_walk,PetSite,latency,payforadoption_AWS::ECS::Container,,Evidently_AWS::Evidently,latency,0,0,0,0,4,0,,1.94
