task_index,prediction
task_6,"{""root cause occurrence datetime"": ""2022-03-20 09:15:00"", ""root cause component"": ""node-1"", ""root cause reason"": ""node CPU spike""}"
task_1,"{""root cause occurrence datetime"": ""2022-03-20 09:36:00"", ""root cause component"": ""adservice-1"", ""root cause reason"": ""container memory load""}"
task_1,"{""root cause occurrence datetime"": ""2022-03-20 10:45:00"", ""root cause component"": ""cartservice2-0"", ""root cause reason"": ""node disk space consumption""}"
task_6,"{""root cause occurrence datetime"": ""2022-03-20 10:15:00"", ""root cause component"": ""cartservice2-0"", ""root cause reason"": ""container memory load""}"
task_3,"{""root cause occurrence datetime"": ""2022-03-20 11:45:00"", ""root cause component"": ""cartservice-1"", ""root cause reason"": ""container memory load""}"
task_2,"{""root cause occurrence datetime"": ""2022-03-20 12:15:00"", ""root cause component"": ""shippingservice2-0"", ""root cause reason"": ""node disk space consumption""}"
task_6,"{""root cause occurrence datetime"": ""2022-03-20 12:16:00"", ""root cause component"": ""recommendationservice-0"", ""root cause reason"": ""container memory load""}{""root cause occurrence datetime"": ""2022-03-20 12:16:00"", ""root cause component"": ""recommendationservice-2"", ""root cause reason"": ""container memory load""}"
task_6,"{""root cause occurrence datetime"": ""2022-03-20 12:16:00"", ""root cause component"": ""recommendationservice-0"", ""root cause reason"": ""container memory load""}{""root cause occurrence datetime"": ""2022-03-20 12:16:00"", ""root cause component"": ""recommendationservice-2"", ""root cause reason"": ""container memory load""}"
task_5,"{""root cause occurrence datetime"": ""2022-03-20 13:18:00"", ""root cause component"": ""frontend-1"", ""root cause reason"": ""container memory load""}"
task_4,"{""root cause occurrence datetime"": ""2022-03-20 13:42:00"", ""root cause component"": ""paymentservice-0"", ""root cause reason"": ""container memory load""}{""root cause occurrence datetime"": ""2022-03-20 14:13:00"", ""root cause component"": ""node-2"", ""root cause reason"": ""node CPU spike""}"
task_1,"{""root cause occurrence datetime"": ""2022-03-20 13:42:00"", ""root cause component"": ""paymentservice-0"", ""root cause reason"": ""container memory load""}{""root cause occurrence datetime"": ""2022-03-20 14:13:00"", ""root cause component"": ""node-2"", ""root cause reason"": ""node CPU spike""}"
task_1,"{""root cause occurrence datetime"": ""2022-03-20 14:15:00"", ""root cause component"": ""node-1"", ""root cause reason"": ""node CPU spike""}{""root cause occurrence datetime"": ""2022-03-20 14:15:00"", ""root cause component"": ""node-1"", ""root cause reason"": ""node CPU spike""}"
task_2,"{""root cause occurrence datetime"": ""2022-03-20 16:15:00"", ""root cause component"": ""node-1"", ""root cause reason"": ""node CPU spike""}"
task_5,"{""root cause occurrence datetime"": ""2022-03-20 16:45:00"", ""root cause component"": ""node-1"", ""root cause reason"": ""node CPU spike""}"
task_5,"{""root cause occurrence datetime"": ""2022-03-20 17:44:00"", ""root cause component"": ""emailservice2-0"", ""root cause reason"": ""node disk space consumption""}{""root cause occurrence datetime"": ""2022-03-20 17:45:00"", ""root cause component"": ""checkoutservice2-0"", ""root cause reason"": ""node disk space consumption""}"
task_1,"{""root cause occurrence datetime"": ""2022-03-20 18:15:00"", ""root cause component"": ""checkoutservice2-0"", ""root cause reason"": ""node disk space consumption""}"
task_5,"{""root cause occurrence datetime"": ""2022-03-20 18:08:00"", ""root cause component"": ""paymentservice-2"", ""root cause reason"": ""container CPU load""}{""root cause occurrence datetime"": ""2022-03-20 18:12:00"", ""root cause component"": ""paymentservice-1"", ""root cause reason"": ""container CPU load""}"
task_2,"{""root cause occurrence datetime"": ""2022-03-20 18:08:00"", ""root cause component"": ""paymentservice-2"", ""root cause reason"": ""container CPU load""}{""root cause occurrence datetime"": ""2022-03-20 18:12:00"", ""root cause component"": ""paymentservice-1"", ""root cause reason"": ""container CPU load""}"
task_6,"{""root cause occurrence datetime"": ""2022-03-20 19:16:00"", ""root cause component"": ""checkoutservice-2"", ""root cause reason"": ""container memory load""}"
task_6,"{""root cause occurrence datetime"": ""2022-03-20 20:15:00"", ""root cause component"": ""paymentservice-2"", ""root cause reason"": ""node disk space consumption""}"
task_6,"{""root cause occurrence datetime"": ""2022-03-20 20:13:00"", ""root cause component"": ""currencyservice-0"", ""root cause reason"": ""node disk space consumption""}"
task_5,"{""root cause occurrence datetime"": ""2022-03-20 21:15:00"", ""root cause component"": ""node-1"", ""root cause reason"": ""node CPU spike""}"
task_4,"{""root cause occurrence datetime"": ""2022-03-20 21:45:00"", ""root cause component"": ""node-1"", ""root cause reason"": ""node CPU spike""}{""root cause occurrence datetime"": ""2022-03-20 21:45:00"", ""root cause component"": ""node-1"", ""root cause reason"": ""node CPU spike""}"
task_5,"{""root cause occurrence datetime"": ""2022-03-20 21:45:00"", ""root cause component"": ""node-1"", ""root cause reason"": ""node CPU spike""}{""root cause occurrence datetime"": ""2022-03-20 21:45:00"", ""root cause component"": ""node-1"", ""root cause reason"": ""node CPU spike""}"
task_3,"{""root cause occurrence datetime"": ""2022-03-20 22:46:00"", ""root cause component"": ""shippingservice-2"", ""root cause reason"": ""container memory load""}"
task_7,"{""root cause occurrence datetime"": ""2022-03-20 23:16:00"", ""root cause component"": ""checkoutservice-2"", ""root cause reason"": ""container memory load""}"
task_7,"{""root cause occurrence datetime"": ""2022-03-20 23:39:00"", ""root cause component"": ""productcatalogservice-0"", ""root cause reason"": ""container memory load""}"
task_7,"{""root cause occurrence datetime"": ""2022-03-20 08:15:00"", ""root cause component"": ""node-2"", ""root cause reason"": ""node memory consumption""}{""root cause occurrence datetime"": ""2022-03-20 08:49:00"", ""root cause component"": ""frontend-1"", ""root cause reason"": ""container memory load""}"
task_2,"{""root cause occurrence datetime"": ""2022-03-20 08:15:00"", ""root cause component"": ""node-2"", ""root cause reason"": ""node memory consumption""}{""root cause occurrence datetime"": ""2022-03-20 08:49:00"", ""root cause component"": ""frontend-1"", ""root cause reason"": ""container memory load""}"
task_6,"{""root cause occurrence datetime"": ""2022-03-20 21:53:00"", ""root cause component"": ""node-1"", ""root cause reason"": ""node disk space consumption""}"
task_3,"{""root cause occurrence datetime"": ""2022-03-20 17:44:00"", ""root cause component"": ""emailservice2-0"", ""root cause reason"": ""node disk space consumption""}{""root cause occurrence datetime"": ""2022-03-20 17:45:00"", ""root cause component"": ""checkoutservice2-0"", ""root cause reason"": ""node disk space consumption""}"
task_2,"{""root cause occurrence datetime"": ""2022-03-20 14:15:00"", ""root cause component"": ""node-1"", ""root cause reason"": ""node CPU spike""}{""root cause occurrence datetime"": ""2022-03-20 14:15:00"", ""root cause component"": ""node-1"", ""root cause reason"": ""node CPU spike""}"
task_2,"{""root cause occurrence datetime"": ""2022-03-20 15:27:00"", ""root cause component"": ""checkoutservice-2"", ""root cause reason"": ""container memory load""}"
task_7,"{""root cause occurrence datetime"": ""2022-03-21 01:05:00"", ""root cause component"": ""node-1"", ""root cause reason"": ""node CPU spike""}"
task_1,"{""root cause occurrence datetime"": ""2022-03-21 01:37:00"", ""root cause component"": ""emailservice2-0"", ""root cause reason"": ""node disk space consumption""}{""root cause occurrence datetime"": ""2022-03-21 01:37:00"", ""root cause component"": ""emailservice2-0"", ""root cause reason"": ""node disk space consumption""}"
task_4,"{""root cause occurrence datetime"": ""2022-03-21 01:37:00"", ""root cause component"": ""emailservice2-0"", ""root cause reason"": ""node disk space consumption""}{""root cause occurrence datetime"": ""2022-03-21 01:37:00"", ""root cause component"": ""emailservice2-0"", ""root cause reason"": ""node disk space consumption""}"
task_5,"{""root cause occurrence datetime"": ""2022-03-21 02:15:00"", ""root cause component"": ""shippingservice-2"", ""root cause reason"": ""container memory load""}"
task_3,"{""root cause occurrence datetime"": ""2022-03-21 02:18:00"", ""root cause component"": ""shippingservice-2"", ""root cause reason"": ""container memory load""}{""root cause occurrence datetime"": ""2022-03-21 02:16:00"", ""root cause component"": ""frontend-1"", ""root cause reason"": ""container memory load""}"
task_7,"{""root cause occurrence datetime"": ""2022-03-21 03:41:00"", ""root cause component"": ""productcatalogservice-1"", ""root cause reason"": ""container memory load""}"
task_4,"{""root cause occurrence datetime"": ""2022-03-21 04:15:00"", ""root cause component"": ""node-6"", ""root cause reason"": ""node CPU spike""}"
task_5,"{""root cause occurrence datetime"": ""2022-03-21 05:45:00"", ""root cause component"": ""cartservice2-0"", ""root cause reason"": ""container memory load""}"
task_1,"{""root cause occurrence datetime"": ""2022-03-21 06:15:00"", ""root cause component"": ""frontend-2"", ""root cause reason"": ""node disk space consumption""}"
task_4,"{""root cause occurrence datetime"": ""2022-03-21 07:43:00"", ""root cause component"": ""cartservice-0"", ""root cause reason"": ""container memory load""}"
task_1,"{""root cause occurrence datetime"": ""2022-03-21 07:58:00"", ""root cause component"": ""node-6"", ""root cause reason"": ""node CPU spike""}{""root cause occurrence datetime"": ""2022-03-21 08:15:00"", ""root cause component"": ""cartservice-2"", ""root cause reason"": ""node disk space consumption""}"
task_7,"{""root cause occurrence datetime"": ""2022-03-21 07:58:00"", ""root cause component"": ""node-6"", ""root cause reason"": ""node CPU spike""}{""root cause occurrence datetime"": ""2022-03-21 08:15:00"", ""root cause component"": ""cartservice-2"", ""root cause reason"": ""node disk space consumption""}"
task_6,"{""root cause occurrence datetime"": ""2022-03-21 08:13:00"", ""root cause component"": ""adservice-0"", ""root cause reason"": ""container memory load""}"
task_5,"{""root cause occurrence datetime"": ""2022-03-21 09:15:00"", ""root cause component"": ""cartservice-1"", ""root cause reason"": ""container memory load""}"
task_7,"{""root cause occurrence datetime"": ""2022-03-21 09:45:00"", ""root cause component"": ""node-3"", ""root cause reason"": ""node disk space consumption""}{""root cause occurrence datetime"": ""2022-03-21 09:45:00"", ""root cause component"": ""node-5"", ""root cause reason"": ""node disk space consumption""}"
task_3,"{""root cause occurrence datetime"": ""2022-03-21 09:45:00"", ""root cause component"": ""node-3"", ""root cause reason"": ""node disk space consumption""}{""root cause occurrence datetime"": ""2022-03-21 09:45:00"", ""root cause component"": ""node-5"", ""root cause reason"": ""node disk space consumption""}"
task_5,"{""root cause occurrence datetime"": ""2022-03-21 10:07:00"", ""root cause component"": ""frontend-0"", ""root cause reason"": ""container CPU load""}"
task_2,"{""root cause occurrence datetime"": ""2022-03-21 09:45:00"", ""root cause component"": ""frontend-1"", ""root cause reason"": ""container memory load""}"
task_6,"{""root cause occurrence datetime"": ""2022-03-21 10:46:00"", ""root cause component"": ""emailservice-0"", ""root cause reason"": ""container memory load""}{""root cause occurrence datetime"": ""2022-03-21 10:46:00"", ""root cause component"": ""recommendationservice2-0"", ""root cause reason"": ""container memory load""}"
task_1,"{""root cause occurrence datetime"": ""2022-03-21 10:46:00"", ""root cause component"": ""emailservice-0"", ""root cause reason"": ""container memory load""}{""root cause occurrence datetime"": ""2022-03-21 10:46:00"", ""root cause component"": ""recommendationservice2-0"", ""root cause reason"": ""container memory load""}"
task_1,"{""root cause occurrence datetime"": ""2022-03-21 11:43:00"", ""root cause component"": ""frontend2-0"", ""root cause reason"": ""container memory load""}"
task_6,"{""root cause occurrence datetime"": ""2022-03-21 13:15:00"", ""root cause component"": ""cartservice2-0"", ""root cause reason"": ""container memory load""}"
task_2,"{""root cause occurrence datetime"": ""2022-03-21 14:08:00"", ""root cause component"": ""emailservice-2"", ""root cause reason"": ""container memory load""}{""root cause occurrence datetime"": ""2022-03-21 14:08:00"", ""root cause component"": ""emailservice-2"", ""root cause reason"": ""container memory load""}"
task_7,"{""root cause occurrence datetime"": ""2022-03-21 14:08:00"", ""root cause component"": ""emailservice-2"", ""root cause reason"": ""container memory load""}{""root cause occurrence datetime"": ""2022-03-21 14:08:00"", ""root cause component"": ""emailservice-2"", ""root cause reason"": ""container memory load""}"
task_3,"{""root cause occurrence datetime"": ""2022-03-21 15:08:00"", ""root cause component"": ""cartservice-0"", ""root cause reason"": ""node disk space consumption""}"
task_1,"{""root cause occurrence datetime"": ""2022-03-21 15:13:00"", ""root cause component"": ""node-2"", ""root cause reason"": ""node memory consumption""}"
task_7,"{""root cause occurrence datetime"": ""2022-03-21 15:46:00"", ""root cause component"": ""cartservice-2"", ""root cause reason"": ""container CPU load""}"
task_2,"{""root cause occurrence datetime"": ""2022-03-21 16:42:00"", ""root cause component"": ""frontend-2"", ""root cause reason"": ""container memory load""}"
task_7,"{""root cause occurrence datetime"": ""2022-03-21 16:50:00"", ""root cause component"": ""frontend-1"", ""root cause reason"": ""container memory load""}"
task_1,"{""root cause occurrence datetime"": ""2022-03-21 19:54:00"", ""root cause component"": ""cartservice2-0"", ""root cause reason"": ""container memory load""}"
task_4,"{""root cause occurrence datetime"": ""2022-03-21 21:28:00"", ""root cause component"": ""cartservice2-0"", ""root cause reason"": ""container memory load""}"
task_3,"{""root cause occurrence datetime"": ""2022-03-21 22:15:00"", ""root cause component"": ""currencyservice2-0"", ""root cause reason"": ""container memory load""}"
task_4,"{""root cause occurrence datetime"": ""2022-03-21 23:19:00"", ""root cause component"": ""node-4"", ""root cause reason"": ""node memory consumption""}"
task_6,"{""root cause occurrence datetime"": ""2022-03-21 23:19:00"", ""root cause component"": ""node-4"", ""root cause reason"": ""node memory consumption""}"
task_7,"{""root cause occurrence datetime"": ""2022-03-21 03:00:00"", ""root cause component"": ""adservice2-0"", ""root cause reason"": ""container memory load""}"
task_3,"{""root cause occurrence datetime"": ""2022-03-21 11:48:00"", ""root cause component"": ""currencyservice2-0"", ""root cause reason"": ""node disk space consumption""}"
task_2,"{""root cause occurrence datetime"": ""2022-03-21 02:18:00"", ""root cause component"": ""shippingservice-2"", ""root cause reason"": ""container memory load""}{""root cause occurrence datetime"": ""2022-03-21 02:16:00"", ""root cause component"": ""frontend-1"", ""root cause reason"": ""container memory load""}"
